,구분,읍면동,리,건축물구조,건물용도,연면적(제곱미터),빈집등급,조사기준일,관리기관명,관리기관전화번호,데이터기준일
0,읍면,신북읍,율문리,일반목구조,단독주택,61.55,4,2021-12-01,강원특별자치도 춘천시청,033-250-3192,2023-11-10
1,읍면,신북읍,율문리,일반목구조,단독주택,61.91,2,2021-12-01,강원특별자치도 춘천시청,033-250-3192,2023-11-10
2,읍면,신북읍,율문리,일반목구조,단독주택,79.04,4,2021-12-01,강원특별자치도 춘천시청,033-250-3192,2023-11-10
3,읍면,신북읍,율문리,일반목구조,단독주택,47.59,4,2021-12-01,강원특별자치도 춘천시청,033-250-3192,2023-11-10
4,읍면,신북읍,율문리,일반목구조,단독주택,66.56,4,2021-12-01,강원특별자치도 춘천시청,033-250-3192,2023-11-10
5,읍면,신북읍,율문리,일반목구조,단독주택,26.58,4,2021-12-01,강원특별자치도 춘천시청,033-250-3192,2023-11-10
6,읍면,신북읍,율문리,일반목구조,단독주택,59.86,4,2021-12-01,강원특별자치도 춘천시청,033-250-3192,2023-11-10
7,읍면,신북읍,율문리,블록구조,단독주택,51.52,1,2021-12-01,강원특별자치도 춘천시청,033-250-3192,2023-11-10
8,읍면,신북읍,율문리,일반목구조,단독주택,40.04,3,2021-12-01,강원특별자치도 춘천시청,033-250-3192,2023-11-10
9,읍면,신북읍,율문리,블록구조,단독주택,92.4,2,2021-12-01,강원특별자치도 춘천시청,033-250-3192,2023-11-10
10,읍면,신북읍,율문리,일반목구조,단독주택,77.76,4,2021-12-01,강원특별자치도 춘천시청,033-250-3192,2023-11-10
11,읍면,신북읍,율문리,블록구조,단독주택,84.11,2,2021-12-01,강원특별자치도 춘천시청,033-250-3192,2023-11-10
12,읍면,신북읍,천전리,일반목구조,단독주택,77.05,4,2021-12-01,강원특별자치도 춘천시청,033-250-3192,2023-11-10
13,읍면,신북읍,천전리,블록구조,단독주택,72.54,3,2021-12-01,강원특별자치도 춘천시청,033-250-3192,2023-11-10
14,읍면,신북읍,천전리,일반목구조,단독주택,177.52,4,2021-12-01,강원특별자치도 춘천시청,033-250-3192,2023-11-10
15,읍면,신북읍,천전리,일반목구조,단독주택,190.94,2,2021-12-01,강원특별자치도 춘천시청,033-250-3192,2023-11-10
16,읍면,신북읍,천전리,기타강구조,제2종근린생활시설,119.99,1,2021-12-01,강원특별자치도 춘천시청,033-250-3192,2023-11-10
17,읍면,신북읍,유포리,일반목구조,단독주택,78.66,3,2021-12-01,강원특별자치도 춘천시청,033-250-3192,2023-11-10
18,읍면,신북읍,유포리,일반목구조,단독주택,70.15,4,2021-12-01,강원특별자치도 춘천시청,033-250-3192,2023-11-10
19,읍면,신북읍,유포리,일반목구조,단독주택,35.69,3,2021-12-01,강원특별자치도 춘천시청,033-250-3192,2023-11-10
20,읍면,신북읍,산천리,일반목구조,단독주택,72.21,4,2021-12-01,강원특별자치도 춘천시청,033-250-3192,2023-11-10
21,읍면,신북읍,산천리,일반목구조,단독주택,143.73,2,2021-12-01,강원특별자치도 춘천시청,033-250-3192,2023-11-10
22,읍면,신북읍,발산리,벽돌구조,단독주택,87.79,4,2021-12-01,강원특별자치도 춘천시청,033-250-3192,2023-11-10
23,읍면,신북읍,발산리,일반목구조,단독주택,61.43,2,2021-12-01,강원특별자치도 춘천시청,033-250-3192,2023-11-10
24,읍면,신북읍,발산리,일반목구조,단독주택,127.66,4,2021-12-01,강원특별자치도 춘천시청,033-250-3192,2023-11-10
25,읍면,신북읍,지내리,일반목구조,단독주택,56.46,4,2021-12-01,강원특별자치도 춘천시청,033-250-3192,2023-11-10
26,읍면,신북읍,지내리,일반목구조,단독주택,130.19,1,2021-12-01,강원특별자치도 춘천시청,033-250-3192,2023-11-10
27,읍면,신북읍,지내리,일반목구조,단독주택,101.48,4,2021-12-01,강원특별자치도 춘천시청,033-250-3192,2023-11-10
28,읍면,신북읍,용산리,일반목구조,단독주택,31.9,3,2021-12-01,강원특별자치도 춘천시청,033-250-3192,2023-11-10
29,읍면,신북읍,용산리,일반목구조,단독주택,38.84,4,2021-12-01,강원특별자치도 춘천시청,033-250-3192,2023-11-10
30,읍면,신북읍,용산리,벽돌구조,단독주택,28.7,4,2021-12-01,강원특별자치도 춘천시청,033-250-3192,2023-11-10
31,읍면,신북읍,용산리,블록구조,단독주택,89.32,2,2021-12-01,강원특별자치도 춘천시청,033-250-3192,2023-11-10
32,읍면,신북읍,용산리,일반목구조,단독주택,154.12,4,2021-12-01,강원특별자치도 춘천시청,033-250-3192,2023-11-10
33,읍면,신북읍,용산리,블록구조,단독주택,94.06,2,2021-12-01,강원특별자치도 춘천시청,033-250-3192,2023-11-10
34,읍면,신북읍,용산리,일반목구조,단독주택,58.78,4,2021-12-01,강원특별자치도 춘천시청,033-250-3192,2023-11-10
35,읍면,동면,지내리,벽돌구조,단독주택,92.835,4,2021-12-01,강원특별자치도 춘천시청,033-250-3192,2023-11-10
36,읍면,동면,지내리,일반목구조,단독주택,43.62,3,2021-12-01,강원특별자치도 춘천시청,033-250-3192,2023-11-10
37,읍면,동면,지내리,경량철골구조,단독주택,77.0,1,2021-12-01,강원특별자치도 춘천시청,033-250-3192,2023-11-10
38,읍면,동면,지내리,일반목구조,단독주택,45.9506,1,2021-12-01,강원특별자치도 춘천시청,033-250-3192,2023-11-10
39,읍면,동면,지내리,일반목구조,단독주택,99.52,1,2021-12-01,강원특별자치도 춘천시청,033-250-3192,2023-11-10
40,읍면,동면,지내리,일반목구조,단독주택,66.31,4,2021-12-01,강원특별자치도 춘천시청,033-250-3192,2023-11-10
41,읍면,동면,만천리,경량철골구조,단독주택,81.0,2,2021-12-01,강원특별자치도 춘천시청,033-250-3192,2023-11-10
42,읍면,동면,만천리,일반목구조,단독주택,62.3,2,2021-12-01,강원특별자치도 춘천시청,033-250-3192,2023-11-10
43,읍면,동면,만천리,기타조적구조,단독주택,149.49,1,2021-12-01,강원특별자치도 춘천시청,033-250-3192,2023-11-10
44,읍면,동면,장학리,일반목구조,단독주택,33.29,1,2021-12-01,강원특별자치도 춘천시청,033-250-3192,2023-11-10
45,읍면,동면,장학리,기타조적구조,단독주택,103.47,1,2021-12-01,강원특별자치도 춘천시청,033-250-3192,2023-11-10
46,읍면,동면,장학리,경량철골구조,제2종근린생활시설,96.0,2,2021-12-01,강원특별자치도 춘천시청,033-250-3192,2023-11-10
47,읍면,동면,장학리,블록구조,단독주택,31.21,4,2021-12-01,강원특별자치도 춘천시청,033-250-3192,2023-11-10
48,읍면,동면,감정리,일반목구조,단독주택,109.98,3,2021-12-01,강원특별자치도 춘천시청,033-250-3192,2023-11-10
49,읍면,동면,감정리,일반목구조,단독주택,231.43,4,2021-12-01,강원특별자치도 춘천시청,033-250-3192,2023-11-10
50,읍면,동면,감정리,일반목구조,단독주택,32.22,2,2021-12-01,강원특별자치도 춘천시청,033-250-3192,2023-11-10
51,읍면,동면,감정리,일반목구조,단독주택,135.96,2,2021-12-01,강원특별자치도 춘천시청,033-250-3192,2023-11-10
52,읍면,동면,월곡리,일반목구조,단독주택,29.75,4,2021-12-01,강원특별자치도 춘천시청,033-250-3192,2023-11-10
53,읍면,동면,품걸리,일반목구조,단독주택,17.61,2,2021-12-01,강원특별자치도 춘천시청,033-250-3192,2023-11-10
54,읍면,동면,평촌리,일반목구조,단독주택,63.61,1,2021-12-01,강원특별자치도 춘천시청,033-250-3192,2023-11-10
55,읍면,동면,평촌리,경량철골구조,단독주택,62.91,2,2021-12-01,강원특별자치도 춘천시청,033-250-3192,2023-11-10
56,읍면,동면,상걸리,일반목구조,창고시설,103.42,4,2021-12-01,강원특별자치도 춘천시청,033-250-3192,2023-11-10
57,읍면,동산면,조양리,일반목구조,단독주택,41.32,4,2021-12-01,강원특별자치도 춘천시청,033-250-3192,2023-11-10
58,읍면,동산면,조양리,일반목구조,단독주택,75.72,4,2021-12-01,강원특별자치도 춘천시청,033-250-3192,2023-11-10
59,읍면,동산면,조양리,벽돌구조,단독주택,59.5,2,2021-12-01,강원특별자치도 춘천시청,033-250-3192,2023-11-10
60,읍면,동산면,봉명리,일반목구조,단독주택,36.03,4,2021-12-01,강원특별자치도 춘천시청,033-250-3192,2023-11-10
61,읍면,동산면,봉명리,일반목구조,단독주택,36.69,4,2021-12-01,강원특별자치도 춘천시청,033-250-3192,2023-11-10
62,읍면,동산면,봉명리,블록구조,단독주택,48.38,2,2021-12-01,강원특별자치도 춘천시청,033-250-3192,2023-11-10
63,읍면,동산면,원창리,벽돌구조,단독주택,79.36,3,2021-12-01,강원특별자치도 춘천시청,033-250-3192,2023-11-10
64,읍면,동산면,원창리,일반목구조,단독주택,57.85,3,2021-12-01,강원특별자치도 춘천시청,033-250-3192,2023-11-10
65,읍면,동산면,원창리,벽돌구조,단독주택,58.9,2,2021-12-01,강원특별자치도 춘천시청,033-250-3192,2023-11-10
66,읍면,동산면,군자리,일반목구조,단독주택,35.5,2,2021-12-01,강원특별자치도 춘천시청,033-250-3192,2023-11-10
67,읍면,동산면,군자리,일반목구조,단독주택,86.61,4,2021-12-01,강원특별자치도 춘천시청,033-250-3192,2023-11-10
68,읍면,신동면,의암리,일반목구조,단독주택,98.06,3,2021-12-01,강원특별자치도 춘천시청,033-250-3192,2023-11-10
69,읍면,신동면,증리,일반목구조,단독주택,76.4,2,2021-12-01,강원특별자치도 춘천시청,033-250-3192,2023-11-10
70,읍면,신동면,증리,일반목구조,단독주택,67.41,1,2021-12-01,강원특별자치도 춘천시청,033-250-3192,2023-11-10
71,읍면,신동면,증리,일반목구조,단독주택,33.86,2,2021-12-01,강원특별자치도 춘천시청,033-250-3192,2023-11-10
72,읍면,신동면,증리,일반목구조,단독주택,32.05,1,2021-12-01,강원특별자치도 춘천시청,033-250-3192,2023-11-10
73,읍면,신동면,증리,일반목구조,단독주택,61.49,4,2021-12-01,강원특별자치도 춘천시청,033-250-3192,2023-11-10
74,읍면,신동면,증리,벽돌구조,단독주택,46.2184,3,2021-12-01,강원특별자치도 춘천시청,033-250-3192,2023-11-10
75,읍면,신동면,증리,일반목구조,단독주택,26.5456,4,2021-12-01,강원특별자치도 춘천시청,033-250-3192,2023-11-10
76,읍면,신동면,증리,일반목구조,단독주택,38.26,2,2021-12-01,강원특별자치도 춘천시청,033-250-3192,2023-11-10
77,읍면,신동면,정족리,일반목구조,단독주택,78.06,2,2021-12-01,강원특별자치도 춘천시청,033-250-3192,2023-11-10
78,읍면,신동면,정족리,일반목구조,단독주택,121.48,2,2021-12-01,강원특별자치도 춘천시청,033-250-3192,2023-11-10
79,읍면,신동면,정족리,일반목구조,단독주택,61.39,4,2021-12-01,강원특별자치도 춘천시청,033-250-3192,2023-11-10
80,읍면,남면,박암리,블록구조,단독주택,88.7,2,2021-12-01,강원특별자치도 춘천시청,033-250-3192,2023-11-10
81,읍면,남면,박암리,일반목구조,단독주택,143.55,4,2021-12-01,강원특별자치도 춘천시청,033-250-3192,2023-11-10
82,읍면,남면,박암리,기타조적구조,단독주택,174.46,1,2021-12-01,강원특별자치도 춘천시청,033-250-3192,2023-11-10
83,읍면,남면,발산리,경량철골구조,단독주택,67.68,2,2021-12-01,강원특별자치도 춘천시청,033-250-3192,2023-11-10
84,읍면,남면,발산리,일반목구조,단독주택,28.2646,1,2021-12-01,강원특별자치도 춘천시청,033-250-3192,2023-11-10
85,읍면,남면,발산리,일반목구조,단독주택,47.52,4,2021-12-01,강원특별자치도 춘천시청,033-250-3192,2023-11-10
86,읍면,남면,후동리,일반목구조,단독주택,61.78,2,2021-12-01,강원특별자치도 춘천시청,033-250-3192,2023-11-10
87,읍면,남면,추곡리,일반목구조,단독주택,96.31,3,2021-12-01,강원특별자치도 춘천시청,033-250-3192,2023-11-10
88,읍면,남면,추곡리,일반목구조,단독주택,94.5,1,2021-12-01,강원특별자치도 춘천시청,033-250-3192,2023-11-10
89,읍면,남면,한덕리,기타조적구조,단독주택,118.52,1,2021-12-01,강원특별자치도 춘천시청,033-250-3192,2023-11-10
90,읍면,남면,한덕리,경량철골구조,단독주택,101.0,1,2021-12-01,강원특별자치도 춘천시청,033-250-3192,2023-11-10
91,읍면,서면,현암리,일반목구조,단독주택,79.71,4,2021-12-01,강원특별자치도 춘천시청,033-250-3192,2023-11-10
92,읍면,서면,현암리,일반목구조,단독주택,54.09,3,2021-12-01,강원특별자치도 춘천시청,033-250-3192,2023-11-10
93,읍면,서면,금산리,블록구조,단독주택,52.98,3,2021-12-01,강원특별자치도 춘천시청,033-250-3192,2023-11-10
94,읍면,서면,금산리,일반목구조,단독주택,50.88,2,2021-12-01,강원특별자치도 춘천시청,033-250-3192,2023-11-10
95,읍면,서면,금산리,일반목구조,단독주택,87.87,3,2021-12-01,강원특별자치도 춘천시청,033-250-3192,2023-11-10
96,읍면,서면,금산리,일반목구조,단독주택,94.67,1,2021-12-01,강원특별자치도 춘천시청,033-250-3192,2023-11-10
97,읍면,서면,금산리,벽돌구조,단독주택,100.77,1,2021-12-01,강원특별자치도 춘천시청,033-250-3192,2023-11-10
98,읍면,서면,금산리,기타조적구조,단독주택,91.8,1,2021-12-01,강원특별자치도 춘천시청,033-250-3192,2023-11-10
99,읍면,서면,금산리,일반목구조,단독주택,77.95,2,2021-12-01,강원특별자치도 춘천시청,033-250-3192,2023-11-10
100,읍면,서면,신매리,일반목구조,단독주택,85.68,2,2021-12-01,강원특별자치도 춘천시청,033-250-3192,2023-11-10
101,읍면,서면,신매리,블록구조,단독주택,146.62,2,2021-12-01,강원특별자치도 춘천시청,033-250-3192,2023-11-10
102,읍면,서면,서상리,일반목구조,단독주택,47.39,1,2021-12-01,강원특별자치도 춘천시청,033-250-3192,2023-11-10
103,읍면,서면,서상리,일반목구조,단독주택,56.44,2,2021-12-01,강원특별자치도 춘천시청,033-250-3192,2023-11-10
104,읍면,서면,서상리,일반목구조,단독주택,27.01,4,2021-12-01,강원특별자치도 춘천시청,033-250-3192,2023-11-10
105,읍면,서면,오월리,일반목구조,제2종근린생활시설,131.76,4,2021-12-01,강원특별자치도 춘천시청,033-250-3192,2023-11-10
106,읍면,서면,월송리,일반목구조,단독주택,84.56,3,2021-12-01,강원특별자치도 춘천시청,033-250-3192,2023-11-10
107,읍면,서면,월송리,일반목구조,단독주택,126.47,2,2021-12-01,강원특별자치도 춘천시청,033-250-3192,2023-11-10
108,읍면,서면,월송리,경량철골구조,단독주택,119.8,3,2021-12-01,강원특별자치도 춘천시청,033-250-3192,2023-11-10
109,읍면,서면,방동리,일반목구조,단독주택,63.01,3,2021-12-01,강원특별자치도 춘천시청,033-250-3192,2023-11-10
110,읍면,서면,방동리,일반목구조,단독주택,75.15,1,2021-12-01,강원특별자치도 춘천시청,033-250-3192,2023-11-10
111,읍면,서면,덕두원리,벽돌구조,단독주택,82.34,1,2021-12-01,강원특별자치도 춘천시청,033-250-3192,2023-11-10
112,읍면,서면,당림리,경량철골구조,단독주택,58.96,1,2021-12-01,강원특별자치도 춘천시청,033-250-3192,2023-11-10
113,읍면,서면,안보리,블록구조,단독주택,24.939,2,2021-12-01,강원특별자치도 춘천시청,033-250-3192,2023-11-10
114,읍면,서면,안보리,블록구조,단독주택,27.45,1,2021-12-01,강원특별자치도 춘천시청,033-250-3192,2023-11-10
115,읍면,서면,안보리,블록구조,단독주택,100.68,1,2021-12-01,강원특별자치도 춘천시청,033-250-3192,2023-11-10
116,읍면,서면,안보리,블록구조,단독주택,101.08,2,2021-12-01,강원특별자치도 춘천시청,033-250-3192,2023-11-10
117,읍면,사북면,신포리,벽돌구조,단독주택,65.34,1,2021-12-01,강원특별자치도 춘천시청,033-250-3192,2023-11-10
118,읍면,사북면,지촌리,일반목구조,단독주택,77.42,2,2021-12-01,강원특별자치도 춘천시청,033-250-3192,2023-11-10
119,읍면,사북면,지촌리,일반목구조,단독주택,88.6,2,2021-12-01,강원특별자치도 춘천시청,033-250-3192,2023-11-10
120,읍면,사북면,오탄리,경량철골구조,단독주택,116.18,1,2021-12-01,강원특별자치도 춘천시청,033-250-3192,2023-11-10
121,읍면,사북면,원평리,블록구조,단독주택,168.91,2,2021-12-01,강원특별자치도 춘천시청,033-250-3192,2023-11-10
122,읍면,사북면,원평리,블록구조,단독주택,29.9,2,2021-12-01,강원특별자치도 춘천시청,033-250-3192,2023-11-10
123,읍면,사북면,원평리,경량철골구조,단독주택,82.25,1,2021-12-01,강원특별자치도 춘천시청,033-250-3192,2023-11-10
124,읍면,사북면,원평리,일반목구조,단독주택,71.21,1,2021-12-01,강원특별자치도 춘천시청,033-250-3192,2023-11-10
125,읍면,사북면,지암리,일반목구조,단독주택,90.23,3,2021-12-01,강원특별자치도 춘천시청,033-250-3192,2023-11-10
126,읍면,사북면,지암리,경량철골구조,제2종근린생활시설,108.5,1,2021-12-01,강원특별자치도 춘천시청,033-250-3192,2023-11-10
127,읍면,사북면,고탄리,블록구조,제1종근린생활시설,50.0,1,2021-12-01,강원특별자치도 춘천시청,033-250-3192,2023-11-10
128,읍면,사북면,고탄리,경량철골구조,단독주택,69.12,1,2021-12-01,강원특별자치도 춘천시청,033-250-3192,2023-11-10
129,읍면,사북면,고성리,일반목구조,단독주택,56.32,1,2021-12-01,강원특별자치도 춘천시청,033-250-3192,2023-11-10
130,읍면,사북면,송암리,벽돌구조,단독주택,72.9,2,2021-12-01,강원특별자치도 춘천시청,033-250-3192,2023-11-10
131,읍면,북산면,추곡리,벽돌구조,제1종근린생활시설,96.25,3,2021-12-01,강원특별자치도 춘천시청,033-250-3192,2023-11-10
132,읍면,북산면,추곡리,일반목구조,제1종근린생활시설,45.84,1,2021-12-01,강원특별자치도 춘천시청,033-250-3192,2023-11-10
133,읍면,북산면,오항리,일반목구조,단독주택,76.64,4,2021-12-01,강원특별자치도 춘천시청,033-250-3192,2023-11-10
134,읍면,북산면,오항리,경량철골구조,단독주택,99.0,2,2021-12-01,강원특별자치도 춘천시청,033-250-3192,2023-11-10
135,읍면,동내면,신촌리,블록구조,단독주택,81.2,4,2021-12-01,강원특별자치도 춘천시청,033-250-3192,2023-11-10
136,읍면,동내면,신촌리,벽돌구조,단독주택,74.96,2,2021-12-01,강원특별자치도 춘천시청,033-250-3192,2023-11-10
137,읍면,동내면,신촌리,벽돌구조,단독주택,31.74,2,2021-12-01,강원특별자치도 춘천시청,033-250-3192,2023-11-10
138,읍면,동내면,신촌리,일반목구조,단독주택,50.56,2,2021-12-01,강원특별자치도 춘천시청,033-250-3192,2023-11-10
139,읍면,동내면,신촌리,일반목구조,단독주택,116.35,4,2021-12-01,강원특별자치도 춘천시청,033-250-3192,2023-11-10
140,읍면,동내면,신촌리,일반목구조,단독주택,54.25,4,2021-12-01,강원특별자치도 춘천시청,033-250-3192,2023-11-10
141,읍면,동내면,고은리,일반목구조,단독주택,87.62,4,2021-12-01,강원특별자치도 춘천시청,033-250-3192,2023-11-10
142,읍면,동내면,고은리,일반목구조,단독주택,51.94,4,2021-12-01,강원특별자치도 춘천시청,033-250-3192,2023-11-10
143,읍면,동내면,고은리,일반목구조,단독주택,64.1,2,2021-12-01,강원특별자치도 춘천시청,033-250-3192,2023-11-10
144,읍면,동내면,사암리,일반목구조,단독주택,59.59,2,2021-12-01,강원특별자치도 춘천시청,033-250-3192,2023-11-10
145,읍면,동내면,사암리,일반목구조,단독주택,61.08,3,2021-12-01,강원특별자치도 춘천시청,033-250-3192,2023-11-10
146,읍면,동내면,사암리,벽돌구조,단독주택,198.47,2,2021-12-01,강원특별자치도 춘천시청,033-250-3192,2023-11-10
147,읍면,동내면,사암리,벽돌구조,단독주택,120.58,1,2021-12-01,강원특별자치도 춘천시청,033-250-3192,2023-11-10
148,읍면,동내면,사암리,일반목구조,단독주택,54.34,2,2021-12-01,강원특별자치도 춘천시청,033-250-3192,2023-11-10
149,읍면,동내면,학곡리,일반목구조,단독주택,38.86,4,2021-12-01,강원특별자치도 춘천시청,033-250-3192,2023-11-10
150,읍면,동내면,학곡리,벽돌구조,단독주택,96.64,1,2021-12-01,강원특별자치도 춘천시청,033-250-3192,2023-11-10
151,읍면,동내면,학곡리,철근콘크리트구조,제2종근린생활시설,141.06,1,2021-12-01,강원특별자치도 춘천시청,033-250-3192,2023-11-10
152,읍면,동내면,학곡리,일반목구조,단독주택,73.75,4,2021-12-01,강원특별자치도 춘천시청,033-250-3192,2023-11-10
153,읍면,동내면,학곡리,블록구조,단독주택,53.39,2,2021-12-01,강원특별자치도 춘천시청,033-250-3192,2023-11-10
154,읍면,남산면,광판리,벽돌구조,단독주택,63.36,2,2021-12-01,강원특별자치도 춘천시청,033-250-3192,2023-11-10
155,읍면,남산면,광판리,일반목구조,단독주택,39.92,2,2021-12-01,강원특별자치도 춘천시청,033-250-3192,2023-11-10
156,읍면,남산면,광판리,일반목구조,단독주택,40.0,3,2021-12-01,강원특별자치도 춘천시청,033-250-3192,2023-11-10
157,읍면,남산면,광판리,일반목구조,단독주택,83.72,3,2021-12-01,강원특별자치도 춘천시청,033-250-3192,2023-11-10
158,읍면,남산면,행촌리,일반목구조,단독주택,91.75,3,2021-12-01,강원특별자치도 춘천시청,033-250-3192,2023-11-10
159,읍면,남산면,수동리,일반목구조,단독주택,80.12,3,2021-12-01,강원특별자치도 춘천시청,033-250-3192,2023-11-10
160,읍면,남산면,수동리,일반목구조,단독주택,55.7,4,2021-12-01,강원특별자치도 춘천시청,033-250-3192,2023-11-10
161,읍면,남산면,수동리,일반목구조,단독주택,94.08,4,2021-12-01,강원특별자치도 춘천시청,033-250-3192,2023-11-10
162,읍면,남산면,수동리,일반목구조,단독주택,125.64,1,2021-12-01,강원특별자치도 춘천시청,033-250-3192,2023-11-10
163,읍면,남산면,창촌리,일반목구조,단독주택,121.68,2,2021-12-01,강원특별자치도 춘천시청,033-250-3192,2023-11-10
164,읍면,남산면,방곡리,일반철골구조,단독주택,517.9,1,2021-12-01,강원특별자치도 춘천시청,033-250-3192,2023-11-10
165,읍면,남산면,방곡리,철근콘크리트구조,단독주택,457.34,1,2021-12-01,강원특별자치도 춘천시청,033-250-3192,2023-11-10
166,읍면,남산면,방곡리,일반목구조,단독주택,73.44,2,2021-12-01,강원특별자치도 춘천시청,033-250-3192,2023-11-10
167,읍면,남산면,강촌리,일반목구조,단독주택,81.18,4,2021-12-01,강원특별자치도 춘천시청,033-250-3192,2023-11-10
168,읍면,남산면,강촌리,일반목구조,단독주택,113.83,2,2021-12-01,강원특별자치도 춘천시청,033-250-3192,2023-11-10
169,읍면,남산면,강촌리,일반목구조,단독주택,280.33,3,2021-12-01,강원특별자치도 춘천시청,033-250-3192,2023-11-10
170,읍면,남산면,강촌리,일반목구조,단독주택,187.2,2,2021-12-01,강원특별자치도 춘천시청,033-250-3192,2023-11-10
171,읍면,남산면,강촌리,블록구조,단독주택,49.522,2,2021-12-01,강원특별자치도 춘천시청,033-250-3192,2023-11-10
172,읍면,남산면,강촌리,벽돌구조,단독주택,47.82,4,2021-12-01,강원특별자치도 춘천시청,033-250-3192,2023-11-10
173,읍면,남산면,강촌리,일반철골구조,단독주택,147.9,1,2021-12-01,강원특별자치도 춘천시청,033-250-3192,2023-11-10
174,읍면,남산면,강촌리,철근콘크리트구조,단독주택,476.74,1,2021-12-01,강원특별자치도 춘천시청,033-250-3192,2023-11-10
175,읍면,남산면,강촌리,벽돌구조,단독주택,138.37,2,2021-12-01,강원특별자치도 춘천시청,033-250-3192,2023-11-10
176,읍면,남산면,강촌리,철근콘크리트구조,제2종근린생활시설,2737.36,1,2021-12-01,강원특별자치도 춘천시청,033-250-3192,2023-11-10
177,읍면,남산면,강촌리,벽돌구조,단독주택,192.09,1,2021-12-01,강원특별자치도 춘천시청,033-250-3192,2023-11-10
178,읍면,남산면,강촌리,일반목구조,단독주택,48.56,4,2021-12-01,강원특별자치도 춘천시청,033-250-3192,2023-11-10
179,읍면,남산면,백양리,기타강구조,단독주택,27.0,2,2021-12-01,강원특별자치도 춘천시청,033-250-3192,2023-11-10
180,읍면,남산면,백양리,일반철골구조,제1종근린생활시설,192.92,2,2021-12-01,강원특별자치도 춘천시청,033-250-3192,2023-11-10
181,읍면,남산면,백양리,벽돌구조,단독주택,115.2,2,2021-12-01,강원특별자치도 춘천시청,033-250-3192,2023-11-10
182,읍면,남산면,백양리,벽돌구조,단독주택,115.92,2,2021-12-01,강원특별자치도 춘천시청,033-250-3192,2023-11-10
183,읍면,남산면,백양리,일반목구조,단독주택,101.4,4,2021-12-01,강원특별자치도 춘천시청,033-250-3192,2023-11-10
184,읍면,남산면,방하리,벽돌구조,단독주택,69.91,1,2021-12-01,강원특별자치도 춘천시청,033-250-3192,2023-11-10
185,읍면,남산면,방하리,일반목구조,단독주택,50.2,3,2021-12-01,강원특별자치도 춘천시청,033-250-3192,2023-11-10
186,읍면,남산면,산수리,경량철골구조,단독주택,99.82,1,2021-12-01,강원특별자치도 춘천시청,033-250-3192,2023-11-10
187,읍면,남산면,산수리,경량철골구조,단독주택,99.82,1,2021-12-01,강원특별자치도 춘천시청,033-250-3192,2023-11-10
188,도심지,교동,,일반목구조,단독주택,60.32,4,2023-05-20,강원특별자치도 춘천시청,033-250-3192,2023-11-10
189,도심지,교동,,일반목구조,단독주택,76.033,2,2023-05-20,강원특별자치도 춘천시청,033-250-3192,2023-11-10
190,도심지,교동,,블록구조,단독주택,50.1,1,2023-05-20,강원특별자치도 춘천시청,033-250-3192,2023-11-10
191,도심지,교동,,일반목구조,단독주택,81.731,4,2023-05-20,강원특별자치도 춘천시청,033-250-3192,2023-11-10
192,도심지,교동,,철근콘크리트구조,제1종근린생활시설,489.42,1,2023-05-20,강원특별자치도 춘천시청,033-250-3192,2023-11-10
193,도심지,교동,,블록구조,단독주택,39.732,1,2023-05-20,강원특별자치도 춘천시청,033-250-3192,2023-11-10
194,도심지,교동,,일반목구조,단독주택,118.75,4,2023-05-20,강원특별자치도 춘천시청,033-250-3192,2023-11-10
195,도심지,교동,,블록구조,단독주택,107.58,4,2023-05-20,강원특별자치도 춘천시청,033-250-3192,2023-11-10
196,도심지,교동,,블록구조,단독주택,42.64,2,2023-05-20,강원특별자치도 춘천시청,033-250-3192,2023-11-10
197,도심지,교동,,일반목구조,단독주택,127.296,2,2023-05-20,강원특별자치도 춘천시청,033-250-3192,2023-11-10
198,도심지,교동,,일반목구조,단독주택,73.83,4,2023-05-20,강원특별자치도 춘천시청,033-250-3192,2023-11-10
199,도심지,교동,,블록구조,단독주택,39.669,4,2023-05-20,강원특별자치도 춘천시청,033-250-3192,2023-11-10
200,도심지,교동,,블록구조,단독주택,56.727,4,2023-05-20,강원특별자치도 춘천시청,033-250-3192,2023-11-10
201,도심지,교동,,벽돌구조,단독주택,121.98,1,2023-05-20,강원특별자치도 춘천시청,033-250-3192,2023-11-10
202,도심지,교동,,석구조,단독주택,92.099,1,2023-05-20,강원특별자치도 춘천시청,033-250-3192,2023-11-10
203,도심지,교동,,일반목구조,단독주택,59.04,2,2023-05-20,강원특별자치도 춘천시청,033-250-3192,2023-11-10
204,도심지,교동,,일반목구조,단독주택,53.093,1,2023-05-20,강원특별자치도 춘천시청,033-250-3192,2023-11-10
205,도심지,교동,,벽돌구조,단독주택,117.96,1,2023-05-20,강원특별자치도 춘천시청,033-250-3192,2023-11-10
206,도심지,조양동,,벽돌구조,단독주택,47.934,2,2023-05-20,강원특별자치도 춘천시청,033-250-3192,2023-11-10
207,도심지,조양동,,벽돌구조,단독주택,42.975,1,2023-05-20,강원특별자치도 춘천시청,033-250-3192,2023-11-10
208,도심지,조양동,,일반목구조,단독주택,52.16,2,2023-05-20,강원특별자치도 춘천시청,033-250-3192,2023-11-10
209,도심지,조양동,,블록구조,단독주택,66.5391,4,2023-05-20,강원특별자치도 춘천시청,033-250-3192,2023-11-10
210,도심지,조양동,,일반목구조,단독주택,16.1588,2,2023-05-20,강원특별자치도 춘천시청,033-250-3192,2023-11-10
211,도심지,조양동,,벽돌구조,단독주택,87.5,1,2023-05-20,강원특별자치도 춘천시청,033-250-3192,2023-11-10
212,도심지,조양동,,일반목구조,단독주택,82.538,1,2023-05-20,강원특별자치도 춘천시청,033-250-3192,2023-11-10
213,도심지,조양동,,벽돌구조,제2종근린생활시설,138.8,1,2023-05-20,강원특별자치도 춘천시청,033-250-3192,2023-11-10
214,도심지,조양동,,일반목구조,단독주택,77.85,1,2023-05-20,강원특별자치도 춘천시청,033-250-3192,2023-11-10
215,도심지,조양동,,일반목구조,단독주택,67.32,1,2023-05-20,강원특별자치도 춘천시청,033-250-3192,2023-11-10
216,도심지,조양동,,일반목구조,단독주택,47.565,2,2023-05-20,강원특별자치도 춘천시청,033-250-3192,2023-11-10
217,도심지,조양동,,일반목구조,단독주택,135.76,2,2023-05-20,강원특별자치도 춘천시청,033-250-3192,2023-11-10
218,도심지,조양동,,일반목구조,단독주택,43.342,4,2023-05-20,강원특별자치도 춘천시청,033-250-3192,2023-11-10
219,도심지,조양동,,벽돌구조,단독주택,66.198,2,2023-05-20,강원특별자치도 춘천시청,033-250-3192,2023-11-10
220,도심지,조양동,,벽돌구조,단독주택,63.725,4,2023-05-20,강원특별자치도 춘천시청,033-250-3192,2023-11-10
221,도심지,조양동,,벽돌구조,단독주택,67.1,1,2023-05-20,강원특별자치도 춘천시청,033-250-3192,2023-11-10
222,도심지,조양동,,일반목구조,단독주택,73.6,1,2023-05-20,강원특별자치도 춘천시청,033-250-3192,2023-11-10
223,도심지,운교동,,일반목구조,단독주택,71.545,3,2023-05-20,강원특별자치도 춘천시청,033-250-3192,2023-11-10
224,도심지,운교동,,일반목구조,단독주택,52.08,2,2023-05-20,강원특별자치도 춘천시청,033-250-3192,2023-11-10
225,도심지,운교동,,일반목구조,단독주택,35.86,2,2023-05-20,강원특별자치도 춘천시청,033-250-3192,2023-11-10
226,도심지,운교동,,벽돌구조,단독주택,62.11,2,2023-05-20,강원특별자치도 춘천시청,033-250-3192,2023-11-10
227,도심지,운교동,,벽돌구조,단독주택,82.595,4,2023-05-20,강원특별자치도 춘천시청,033-250-3192,2023-11-10
228,도심지,운교동,,일반목구조,단독주택,67.438,2,2023-05-20,강원특별자치도 춘천시청,033-250-3192,2023-11-10
229,도심지,운교동,,벽돌구조,단독주택,48.684,2,2023-05-20,강원특별자치도 춘천시청,033-250-3192,2023-11-10
230,도심지,운교동,,일반목구조,단독주택,75.159,2,2023-05-20,강원특별자치도 춘천시청,033-250-3192,2023-11-10
231,도심지,운교동,,블록구조,단독주택,120.329,4,2023-05-20,강원특별자치도 춘천시청,033-250-3192,2023-11-10
232,도심지,운교동,,일반목구조,단독주택,36.73,1,2023-05-20,강원특별자치도 춘천시청,033-250-3192,2023-11-10
233,도심지,운교동,,블록구조,단독주택,77.404,3,2023-05-20,강원특별자치도 춘천시청,033-250-3192,2023-11-10
234,도심지,운교동,,일반목구조,단독주택,65.064,1,2023-05-20,강원특별자치도 춘천시청,033-250-3192,2023-11-10
235,도심지,운교동,,철근콘크리트구조,단독주택,329.67,1,2023-05-20,강원특별자치도 춘천시청,033-250-3192,2023-11-10
236,도심지,운교동,,벽돌구조,단독주택,100.05,1,2023-05-20,강원특별자치도 춘천시청,033-250-3192,2023-11-10
237,도심지,운교동,,일반목구조,단독주택,34.618,4,2023-05-20,강원특별자치도 춘천시청,033-250-3192,2023-11-10
238,도심지,운교동,,일반목구조,단독주택,20.661,2,2023-05-20,강원특별자치도 춘천시청,033-250-3192,2023-11-10
239,도심지,운교동,,일반목구조,단독주택,47.2,4,2023-05-20,강원특별자치도 춘천시청,033-250-3192,2023-11-10
240,도심지,운교동,,일반목구조,단독주택,58.71,4,2023-05-20,강원특별자치도 춘천시청,033-250-3192,2023-11-10
241,도심지,운교동,,블록구조,단독주택,47.67,4,2023-05-20,강원특별자치도 춘천시청,033-250-3192,2023-11-10
242,도심지,운교동,,벽돌구조,단독주택,49.398,2,2023-05-20,강원특별자치도 춘천시청,033-250-3192,2023-11-10
243,도심지,운교동,,일반목구조,단독주택,41.137,2,2023-05-20,강원특별자치도 춘천시청,033-250-3192,2023-11-10
244,도심지,운교동,,벽돌구조,단독주택,51.47,2,2023-05-20,강원특별자치도 춘천시청,033-250-3192,2023-11-10
245,도심지,운교동,,벽돌구조,제2종근린생활시설,140.26,2,2023-05-20,강원특별자치도 춘천시청,033-250-3192,2023-11-10
246,도심지,운교동,,블록구조,단독주택,71.164,1,2023-05-20,강원특별자치도 춘천시청,033-250-3192,2023-11-10
247,도심지,운교동,,블록구조,단독주택,75.243,1,2023-05-20,강원특별자치도 춘천시청,033-250-3192,2023-11-10
248,도심지,운교동,,경량철골구조,단독주택,29.16,4,2023-05-20,강원특별자치도 춘천시청,033-250-3192,2023-11-10
249,도심지,운교동,,벽돌구조,단독주택,38.28,1,2023-05-20,강원특별자치도 춘천시청,033-250-3192,2023-11-10
250,도심지,운교동,,일반목구조,단독주택,76.1359,4,2023-05-20,강원특별자치도 춘천시청,033-250-3192,2023-11-10
251,도심지,중앙로3가,,벽돌구조,단독주택,78.42,2,2023-05-20,강원특별자치도 춘천시청,033-250-3192,2023-11-10
252,도심지,중앙로3가,,일반목구조,단독주택,69.929,2,2023-05-20,강원특별자치도 춘천시청,033-250-3192,2023-11-10
253,도심지,중앙로3가,,벽돌구조,단독주택,68.31,1,2023-05-20,강원특별자치도 춘천시청,033-250-3192,2023-11-10
254,도심지,중앙로3가,,일반목구조,단독주택,48.85,3,2023-05-20,강원특별자치도 춘천시청,033-250-3192,2023-11-10
255,도심지,죽림동,,일반목구조,단독주택,100.585,1,2023-05-20,강원특별자치도 춘천시청,033-250-3192,2023-11-10
256,도심지,죽림동,,일반목구조,단독주택,24.96,2,2023-05-20,강원특별자치도 춘천시청,033-250-3192,2023-11-10
257,도심지,죽림동,,블록구조,단독주택,74.14,1,2023-05-20,강원특별자치도 춘천시청,033-250-3192,2023-11-10
258,도심지,약사동,,일반목구조,단독주택,28.829,4,2023-05-20,강원특별자치도 춘천시청,033-250-3192,2023-11-10
259,도심지,약사동,,벽돌구조,단독주택,53.144,1,2023-05-20,강원특별자치도 춘천시청,033-250-3192,2023-11-10
260,도심지,약사동,,일반목구조,단독주택,95.179,2,2023-05-20,강원특별자치도 춘천시청,033-250-3192,2023-11-10
261,도심지,약사동,,일반목구조,단독주택,58.817,4,2023-05-20,강원특별자치도 춘천시청,033-250-3192,2023-11-10
262,도심지,약사동,,철근콘크리트구조,공동주택,555.84,1,2023-05-20,강원특별자치도 춘천시청,033-250-3192,2023-11-10
263,도심지,약사동,,벽돌구조,단독주택,45.659,2,2023-05-20,강원특별자치도 춘천시청,033-250-3192,2023-11-10
264,도심지,약사동,,블록구조,단독주택,23.7191,2,2023-05-20,강원특별자치도 춘천시청,033-250-3192,2023-11-10
265,도심지,약사동,,일반목구조,단독주택,34.47,4,2023-05-20,강원특별자치도 춘천시청,033-250-3192,2023-11-10
266,도심지,약사동,,일반목구조,단독주택,27.272,2,2023-05-20,강원특별자치도 춘천시청,033-250-3192,2023-11-10
267,도심지,약사동,,일반목구조,단독주택,71.59,1,2023-05-20,강원특별자치도 춘천시청,033-250-3192,2023-11-10
268,도심지,약사동,,블록구조,단독주택,52.9,2,2023-05-20,강원특별자치도 춘천시청,033-250-3192,2023-11-10
269,도심지,약사동,,일반목구조,단독주택,44.92,1,2023-05-20,강원특별자치도 춘천시청,033-250-3192,2023-11-10
270,도심지,약사동,,일반목구조,단독주택,36.418,3,2023-05-20,강원특별자치도 춘천시청,033-250-3192,2023-11-10
271,도심지,약사동,,일반목구조,단독주택,50.68,2,2023-05-20,강원특별자치도 춘천시청,033-250-3192,2023-11-10
272,도심지,약사동,,벽돌구조,단독주택,90.263,1,2023-05-20,강원특별자치도 춘천시청,033-250-3192,2023-11-10
273,도심지,약사동,,일반목구조,단독주택,47.966,2,2023-05-20,강원특별자치도 춘천시청,033-250-3192,2023-11-10
274,도심지,약사동,,일반목구조,단독주택,56.385,4,2023-05-20,강원특별자치도 춘천시청,033-250-3192,2023-11-10
275,도심지,약사동,,일반목구조,단독주택,95.54,1,2023-05-20,강원특별자치도 춘천시청,033-250-3192,2023-11-10
276,도심지,약사동,,일반목구조,단독주택,28.08,1,2023-05-20,강원특별자치도 춘천시청,033-250-3192,2023-11-10
277,도심지,약사동,,일반목구조,단독주택,53.994,2,2023-05-20,강원특별자치도 춘천시청,033-250-3192,2023-11-10
278,도심지,약사동,,일반목구조,단독주택,57.04,3,2023-05-20,강원특별자치도 춘천시청,033-250-3192,2023-11-10
279,도심지,약사동,,벽돌구조,단독주택,47.69,2,2023-05-20,강원특별자치도 춘천시청,033-250-3192,2023-11-10
280,도심지,약사동,,일반목구조,단독주택,52.522,1,2023-05-20,강원특별자치도 춘천시청,033-250-3192,2023-11-10
281,도심지,약사동,,일반목구조,단독주택,112.119,4,2023-05-20,강원특별자치도 춘천시청,033-250-3192,2023-11-10
282,도심지,약사동,,일반목구조,단독주택,20.423,2,2023-05-20,강원특별자치도 춘천시청,033-250-3192,2023-11-10
283,도심지,소양로1가,,일반목구조,단독주택,11.752,1,2023-05-20,강원특별자치도 춘천시청,033-250-3192,2023-11-10
284,도심지,소양로1가,,일반목구조,단독주택,66.11,4,2023-05-20,강원특별자치도 춘천시청,033-250-3192,2023-11-10
285,도심지,소양로1가,,일반목구조,단독주택,5.68,2,2023-05-20,강원특별자치도 춘천시청,033-250-3192,2023-11-10
286,도심지,소양로1가,,일반목구조,단독주택,17.95,1,2023-05-20,강원특별자치도 춘천시청,033-250-3192,2023-11-10
287,도심지,소양로1가,,일반목구조,단독주택,47.01,4,2023-05-20,강원특별자치도 춘천시청,033-250-3192,2023-11-10
288,도심지,소양로1가,,일반목구조,단독주택,58.767,3,2023-05-20,강원특별자치도 춘천시청,033-250-3192,2023-11-10
289,도심지,소양로1가,,일반목구조,단독주택,58.767,4,2023-05-20,강원특별자치도 춘천시청,033-250-3192,2023-11-10
290,도심지,소양로1가,,일반목구조,단독주택,54.3148,2,2023-05-20,강원특별자치도 춘천시청,033-250-3192,2023-11-10
291,도심지,근화동,,일반목구조,제2종근린생활시설,51.84,1,2023-05-20,강원특별자치도 춘천시청,033-250-3192,2023-11-10
292,도심지,근화동,,일반목구조,단독주택,57.15,2,2023-05-20,강원특별자치도 춘천시청,033-250-3192,2023-11-10
293,도심지,근화동,,일반목구조,단독주택,56.38,2,2023-05-20,강원특별자치도 춘천시청,033-250-3192,2023-11-10
294,도심지,근화동,,벽돌구조,단독주택,44.63,3,2023-05-20,강원특별자치도 춘천시청,033-250-3192,2023-11-10
295,도심지,근화동,,블록구조,단독주택,32.446,4,2023-05-20,강원특별자치도 춘천시청,033-250-3192,2023-11-10
296,도심지,근화동,,블록구조,단독주택,48.326,1,2023-05-20,강원특별자치도 춘천시청,033-250-3192,2023-11-10
297,도심지,근화동,,벽돌구조,단독주택,43.891,2,2023-05-20,강원특별자치도 춘천시청,033-250-3192,2023-11-10
298,도심지,근화동,,일반목구조,단독주택,71.84,1,2023-05-20,강원특별자치도 춘천시청,033-250-3192,2023-11-10
299,도심지,근화동,,일반목구조,단독주택,58.86,2,2023-05-20,강원특별자치도 춘천시청,033-250-3192,2023-11-10
300,도심지,근화동,,블록구조,단독주택,35.1,4,2023-05-20,강원특별자치도 춘천시청,033-250-3192,2023-11-10
301,도심지,근화동,,블록구조,단독주택,40.32,2,2023-05-20,강원특별자치도 춘천시청,033-250-3192,2023-11-10
302,도심지,근화동,,벽돌구조,창고시설,86.142,3,2023-05-20,강원특별자치도 춘천시청,033-250-3192,2023-11-10
303,도심지,근화동,,블록구조,단독주택,34.525,1,2023-05-20,강원특별자치도 춘천시청,033-250-3192,2023-11-10
304,도심지,근화동,,블록구조,단독주택,31.586,2,2023-05-20,강원특별자치도 춘천시청,033-250-3192,2023-11-10
305,도심지,근화동,,블록구조,단독주택,29.934,4,2023-05-20,강원특별자치도 춘천시청,033-250-3192,2023-11-10
306,도심지,근화동,,일반목구조,창고시설,29.934,2,2023-05-20,강원특별자치도 춘천시청,033-250-3192,2023-11-10
307,도심지,근화동,,블록구조,단독주택,31.586,1,2023-05-20,강원특별자치도 춘천시청,033-250-3192,2023-11-10
308,도심지,근화동,,블록구조,단독주택,36.714,2,2023-05-20,강원특별자치도 춘천시청,033-250-3192,2023-11-10
309,도심지,근화동,,일반목구조,단독주택,75.039,3,2023-05-20,강원특별자치도 춘천시청,033-250-3192,2023-11-10
310,도심지,근화동,,일반목구조,단독주택,32.76,4,2023-05-20,강원특별자치도 춘천시청,033-250-3192,2023-11-10
311,도심지,근화동,,벽돌구조,단독주택,109.14,1,2023-05-20,강원특별자치도 춘천시청,033-250-3192,2023-11-10
312,도심지,근화동,,블록구조,단독주택,46.83,3,2023-05-20,강원특별자치도 춘천시청,033-250-3192,2023-11-10
313,도심지,근화동,,벽돌구조,단독주택,46.48,1,2023-05-20,강원특별자치도 춘천시청,033-250-3192,2023-11-10
314,도심지,근화동,,블록구조,단독주택,51.427,2,2023-05-20,강원특별자치도 춘천시청,033-250-3192,2023-11-10
315,도심지,근화동,,블록구조,단독주택,39.08,2,2023-05-20,강원특별자치도 춘천시청,033-250-3192,2023-11-10
316,도심지,근화동,,일반목구조,제2종근린생활시설,63.06,2,2023-05-20,강원특별자치도 춘천시청,033-250-3192,2023-11-10
317,도심지,봉의동,,벽돌구조,단독주택,105.414,1,2023-05-20,강원특별자치도 춘천시청,033-250-3192,2023-11-10
318,도심지,봉의동,,일반목구조,단독주택,54.8272,4,2023-05-20,강원특별자치도 춘천시청,033-250-3192,2023-11-10
319,도심지,봉의동,,일반목구조,단독주택,54.8272,1,2023-05-20,강원특별자치도 춘천시청,033-250-3192,2023-11-10
320,도심지,요선동,,일반목구조,단독주택,51.695,3,2023-05-20,강원특별자치도 춘천시청,033-250-3192,2023-11-10
321,도심지,요선동,,블록구조,단독주택,47.934,2,2023-05-20,강원특별자치도 춘천시청,033-250-3192,2023-11-10
322,도심지,요선동,,일반목구조,제2종근린생활시설,76.69,4,2023-05-20,강원특별자치도 춘천시청,033-250-3192,2023-11-10
323,도심지,낙원동,,일반목구조,단독주택,28.374,2,2023-05-20,강원특별자치도 춘천시청,033-250-3192,2023-11-10
324,도심지,낙원동,,일반목구조,단독주택,78.425,2,2023-05-20,강원특별자치도 춘천시청,033-250-3192,2023-11-10
325,도심지,낙원동,,벽돌구조,단독주택,106.11,1,2023-05-20,강원특별자치도 춘천시청,033-250-3192,2023-11-10
326,도심지,낙원동,,일반목구조,제1종근린생활시설,152.24,2,2023-05-20,강원특별자치도 춘천시청,033-250-3192,2023-11-10
327,도심지,낙원동,,일반목구조,단독주택,76.033,3,2023-05-20,강원특별자치도 춘천시청,033-250-3192,2023-11-10
328,도심지,낙원동,,블록구조,단독주택,49.5,3,2023-05-20,강원특별자치도 춘천시청,033-250-3192,2023-11-10
329,도심지,낙원동,,일반목구조,단독주택,65.41,2,2023-05-20,강원특별자치도 춘천시청,033-250-3192,2023-11-10
330,도심지,낙원동,,일반목구조,단독주택,99.174,2,2023-05-20,강원특별자치도 춘천시청,033-250-3192,2023-11-10
331,도심지,낙원동,,일반목구조,단독주택,29.97,4,2023-05-20,강원특별자치도 춘천시청,033-250-3192,2023-11-10
332,도심지,낙원동,,일반목구조,단독주택,71.04,1,2023-05-20,강원특별자치도 춘천시청,033-250-3192,2023-11-10
333,도심지,낙원동,,일반목구조,단독주택,39.32,1,2023-05-20,강원특별자치도 춘천시청,033-250-3192,2023-11-10
334,도심지,옥천동,,철근콘크리트구조,단독주택,65.09,1,2023-05-20,강원특별자치도 춘천시청,033-250-3192,2023-11-10
335,도심지,옥천동,,일반목구조,단독주택,68.095,4,2023-05-20,강원특별자치도 춘천시청,033-250-3192,2023-11-10
336,도심지,조양동,,벽돌구조,단독주택,113.787,2,2023-05-20,강원특별자치도 춘천시청,033-250-3192,2023-11-10
337,도심지,소양로2가,,일반목구조,단독주택,108.32,2,2023-05-20,강원특별자치도 춘천시청,033-250-3192,2023-11-10
338,도심지,소양로2가,,일반목구조,단독주택,44.8068,4,2023-05-20,강원특별자치도 춘천시청,033-250-3192,2023-11-10
339,도심지,소양로2가,,일반목구조,제1종근린생활시설,136.785,2,2023-05-20,강원특별자치도 춘천시청,033-250-3192,2023-11-10
340,도심지,소양로2가,,블록구조,단독주택,79.29,2,2023-05-20,강원특별자치도 춘천시청,033-250-3192,2023-11-10
341,도심지,소양로2가,,일반목구조,단독주택,86.15,4,2023-05-20,강원특별자치도 춘천시청,033-250-3192,2023-11-10
342,도심지,소양로2가,,철근콘크리트구조,단독주택,251.48,2,2023-05-20,강원특별자치도 춘천시청,033-250-3192,2023-11-10
343,도심지,소양로3가,,일반목구조,단독주택,45.093,4,2023-05-20,강원특별자치도 춘천시청,033-250-3192,2023-11-10
344,도심지,소양로3가,,블록구조,단독주택,91.54,4,2023-05-20,강원특별자치도 춘천시청,033-250-3192,2023-11-10
345,도심지,소양로3가,,철근콘크리트구조,단독주택,525.235,1,2023-05-20,강원특별자치도 춘천시청,033-250-3192,2023-11-10
346,도심지,소양로3가,,철근콘크리트구조,제2종근린생활시설,502.06,2,2023-05-20,강원특별자치도 춘천시청,033-250-3192,2023-11-10
347,도심지,소양로3가,,일반목구조,단독주택,48.519,1,2023-05-20,강원특별자치도 춘천시청,033-250-3192,2023-11-10
348,도심지,소양로3가,,블록구조,단독주택,69.375,4,2023-05-20,강원특별자치도 춘천시청,033-250-3192,2023-11-10
349,도심지,소양로3가,,벽돌구조,단독주택,94.17,1,2023-05-20,강원특별자치도 춘천시청,033-250-3192,2023-11-10
350,도심지,소양로3가,,일반목구조,단독주택,107.05,2,2023-05-20,강원특별자치도 춘천시청,033-250-3192,2023-11-10
351,도심지,소양로4가,,일반목구조,단독주택,57.615,3,2023-05-20,강원특별자치도 춘천시청,033-250-3192,2023-11-10
352,도심지,소양로4가,,일반목구조,단독주택,91.835,2,2023-05-20,강원특별자치도 춘천시청,033-250-3192,2023-11-10
353,도심지,소양로4가,,일반목구조,단독주택,86.911,3,2023-05-20,강원특별자치도 춘천시청,033-250-3192,2023-11-10
354,도심지,후평동,,블록구조,단독주택,62.558,2,2023-05-20,강원특별자치도 춘천시청,033-250-3192,2023-11-10
355,도심지,후평동,,블록구조,단독주택,45.64,2,2023-05-20,강원특별자치도 춘천시청,033-250-3192,2023-11-10
356,도심지,후평동,,블록구조,단독주택,51.927,2,2023-05-20,강원특별자치도 춘천시청,033-250-3192,2023-11-10
357,도심지,후평동,,벽돌구조,단독주택,47.094,2,2023-05-20,강원특별자치도 춘천시청,033-250-3192,2023-11-10
358,도심지,후평동,,일반목구조,단독주택,39.05,4,2023-05-20,강원특별자치도 춘천시청,033-250-3192,2023-11-10
359,도심지,후평동,,벽돌구조,단독주택,93.54,1,2023-05-20,강원특별자치도 춘천시청,033-250-3192,2023-11-10
360,도심지,후평동,,블록구조,단독주택,47.49,3,2023-05-20,강원특별자치도 춘천시청,033-250-3192,2023-11-10
361,도심지,후평동,,일반목구조,단독주택,20.28,4,2023-05-20,강원특별자치도 춘천시청,033-250-3192,2023-11-10
362,도심지,후평동,,블록구조,단독주택,44.62,2,2023-05-20,강원특별자치도 춘천시청,033-250-3192,2023-11-10
363,도심지,후평동,,일반목구조,단독주택,71.64,1,2023-05-20,강원특별자치도 춘천시청,033-250-3192,2023-11-10
364,도심지,후평동,,일반목구조,단독주택,28.8,4,2023-05-20,강원특별자치도 춘천시청,033-250-3192,2023-11-10
365,도심지,후평동,,일반목구조,단독주택,67.49,1,2023-05-20,강원특별자치도 춘천시청,033-250-3192,2023-11-10
366,도심지,후평동,,블록구조,단독주택,52.82,4,2023-05-20,강원특별자치도 춘천시청,033-250-3192,2023-11-10
367,도심지,후평동,,블록구조,단독주택,76.03,3,2023-05-20,강원특별자치도 춘천시청,033-250-3192,2023-11-10
368,도심지,후평동,,벽돌구조,단독주택,110.48,1,2023-05-20,강원특별자치도 춘천시청,033-250-3192,2023-11-10
369,도심지,후평동,,일반목구조,단독주택,25.34,1,2023-05-20,강원특별자치도 춘천시청,033-250-3192,2023-11-10
370,도심지,후평동,,일반목구조,제2종근린생활시설,76.06,1,2023-05-20,강원특별자치도 춘천시청,033-250-3192,2023-11-10
371,도심지,후평동,,일반목구조,단독주택,76.03,1,2023-05-20,강원특별자치도 춘천시청,033-250-3192,2023-11-10
372,도심지,후평동,,벽돌구조,단독주택,186.54,1,2023-05-20,강원특별자치도 춘천시청,033-250-3192,2023-11-10
373,도심지,후평동,,일반목구조,단독주택,66.16,4,2023-05-20,강원특별자치도 춘천시청,033-250-3192,2023-11-10
374,도심지,후평동,,일반목구조,단독주택,79.58,1,2023-05-20,강원특별자치도 춘천시청,033-250-3192,2023-11-10
375,도심지,효자동,,일반목구조,단독주택,52.82,2,2023-05-20,강원특별자치도 춘천시청,033-250-3192,2023-11-10
376,도심지,효자동,,블록구조,단독주택,43.249,2,2023-05-20,강원특별자치도 춘천시청,033-250-3192,2023-11-10
377,도심지,효자동,,일반목구조,단독주택,55.784,2,2023-05-20,강원특별자치도 춘천시청,033-250-3192,2023-11-10
378,도심지,효자동,,블록구조,단독주택,46.76,4,2023-05-20,강원특별자치도 춘천시청,033-250-3192,2023-11-10
379,도심지,효자동,,일반목구조,단독주택,77.68,2,2023-05-20,강원특별자치도 춘천시청,033-250-3192,2023-11-10
380,도심지,효자동,,일반목구조,단독주택,72.18,2,2023-05-20,강원특별자치도 춘천시청,033-250-3192,2023-11-10
381,도심지,효자동,,일반목구조,단독주택,35.993,1,2023-05-20,강원특별자치도 춘천시청,033-250-3192,2023-11-10
382,도심지,효자동,,일반목구조,단독주택,103.76,1,2023-05-20,강원특별자치도 춘천시청,033-250-3192,2023-11-10
383,도심지,효자동,,일반목구조,단독주택,49.94,1,2023-05-20,강원특별자치도 춘천시청,033-250-3192,2023-11-10
384,도심지,효자동,,일반목구조,단독주택,52.038,4,2023-05-20,강원특별자치도 춘천시청,033-250-3192,2023-11-10
385,도심지,효자동,,벽돌구조,단독주택,73.41,1,2023-05-20,강원특별자치도 춘천시청,033-250-3192,2023-11-10
386,도심지,효자동,,일반목구조,단독주택,40.254,4,2023-05-20,강원특별자치도 춘천시청,033-250-3192,2023-11-10
387,도심지,효자동,,벽돌구조,단독주택,65.97,1,2023-05-20,강원특별자치도 춘천시청,033-250-3192,2023-11-10
388,도심지,효자동,,벽돌구조,단독주택,140.74,1,2023-05-20,강원특별자치도 춘천시청,033-250-3192,2023-11-10
389,도심지,효자동,,벽돌구조,단독주택,116.63,1,2023-05-20,강원특별자치도 춘천시청,033-250-3192,2023-11-10
390,도심지,효자동,,블록구조,단독주택,19.75,4,2023-05-20,강원특별자치도 춘천시청,033-250-3192,2023-11-10
391,도심지,효자동,,벽돌구조,단독주택,42.77,2,2023-05-20,강원특별자치도 춘천시청,033-250-3192,2023-11-10
392,도심지,효자동,,벽돌구조,단독주택,15.12,1,2023-05-20,강원특별자치도 춘천시청,033-250-3192,2023-11-10
393,도심지,효자동,,일반목구조,단독주택,32.44,2,2023-05-20,강원특별자치도 춘천시청,033-250-3192,2023-11-10
394,도심지,효자동,,블록구조,단독주택,52.9,2,2023-05-20,강원특별자치도 춘천시청,033-250-3192,2023-11-10
395,도심지,효자동,,일반목구조,단독주택,29.63,4,2023-05-20,강원특별자치도 춘천시청,033-250-3192,2023-11-10
396,도심지,효자동,,일반목구조,단독주택,66.866,1,2023-05-20,강원특별자치도 춘천시청,033-250-3192,2023-11-10
397,도심지,효자동,,벽돌구조,단독주택,46.57,2,2023-05-20,강원특별자치도 춘천시청,033-250-3192,2023-11-10
398,도심지,효자동,,일반목구조,단독주택,92.86,4,2023-05-20,강원특별자치도 춘천시청,033-250-3192,2023-11-10
399,도심지,효자동,,일반목구조,단독주택,62.64,2,2023-05-20,강원특별자치도 춘천시청,033-250-3192,2023-11-10
400,도심지,효자동,,일반목구조,단독주택,115.444,1,2023-05-20,강원특별자치도 춘천시청,033-250-3192,2023-11-10
401,도심지,효자동,,일반목구조,단독주택,73.98,2,2023-05-20,강원특별자치도 춘천시청,033-250-3192,2023-11-10
402,도심지,효자동,,일반목구조,단독주택,74.46,1,2023-05-20,강원특별자치도 춘천시청,033-250-3192,2023-11-10
403,도심지,효자동,,벽돌구조,단독주택,95.4,1,2023-05-20,강원특별자치도 춘천시청,033-250-3192,2023-11-10
404,도심지,효자동,,블록구조,단독주택,51.38,2,2023-05-20,강원특별자치도 춘천시청,033-250-3192,2023-11-10
405,도심지,효자동,,일반목구조,단독주택,63.93,2,2023-05-20,강원특별자치도 춘천시청,033-250-3192,2023-11-10
406,도심지,효자동,,일반목구조,단독주택,85.81,1,2023-05-20,강원특별자치도 춘천시청,033-250-3192,2023-11-10
407,도심지,효자동,,벽돌구조,단독주택,63.77,3,2023-05-20,강원특별자치도 춘천시청,033-250-3192,2023-11-10
408,도심지,효자동,,일반목구조,단독주택,71.75,2,2023-05-20,강원특별자치도 춘천시청,033-250-3192,2023-11-10
409,도심지,효자동,,일반목구조,단독주택,53.7,3,2023-05-20,강원특별자치도 춘천시청,033-250-3192,2023-11-10
410,도심지,효자동,,블록구조,단독주택,138.08,1,2023-05-20,강원특별자치도 춘천시청,033-250-3192,2023-11-10
411,도심지,효자동,,벽돌구조,단독주택,349.47,1,2023-05-20,강원특별자치도 춘천시청,033-250-3192,2023-11-10
412,도심지,효자동,,일반목구조,단독주택,66.91,1,2023-05-20,강원특별자치도 춘천시청,033-250-3192,2023-11-10
413,도심지,효자동,,벽돌구조,단독주택,54.66,2,2023-05-20,강원특별자치도 춘천시청,033-250-3192,2023-11-10
414,도심지,효자동,,벽돌구조,단독주택,87.42,2,2023-05-20,강원특별자치도 춘천시청,033-250-3192,2023-11-10
415,도심지,효자동,,일반목구조,단독주택,94.71,2,2023-05-20,강원특별자치도 춘천시청,033-250-3192,2023-11-10
416,도심지,효자동,,일반목구조,단독주택,65.52,1,2023-05-20,강원특별자치도 춘천시청,033-250-3192,2023-11-10
417,도심지,효자동,,일반목구조,단독주택,60.605,1,2023-05-20,강원특별자치도 춘천시청,033-250-3192,2023-11-10
418,도심지,효자동,,벽돌구조,단독주택,183.338,4,2023-05-20,강원특별자치도 춘천시청,033-250-3192,2023-11-10
419,도심지,효자동,,벽돌구조,단독주택,83.828,2,2023-05-20,강원특별자치도 춘천시청,033-250-3192,2023-11-10
420,도심지,효자동,,일반목구조,단독주택,36.32,4,2023-05-20,강원특별자치도 춘천시청,033-250-3192,2023-11-10
421,도심지,효자동,,벽돌구조,단독주택,98.7,1,2023-05-20,강원특별자치도 춘천시청,033-250-3192,2023-11-10
422,도심지,효자동,,벽돌구조,제2종근린생활시설,123.2,1,2023-05-20,강원특별자치도 춘천시청,033-250-3192,2023-11-10
423,도심지,효자동,,벽돌구조,단독주택,65.48,1,2023-05-20,강원특별자치도 춘천시청,033-250-3192,2023-11-10
424,도심지,효자동,,일반목구조,단독주택,45.904,1,2023-05-20,강원특별자치도 춘천시청,033-250-3192,2023-11-10
425,도심지,효자동,,기타조적구조,단독주택,29.21,4,2023-05-20,강원특별자치도 춘천시청,033-250-3192,2023-11-10
426,도심지,효자동,,일반목구조,단독주택,85.95,1,2023-05-20,강원특별자치도 춘천시청,033-250-3192,2023-11-10
427,도심지,효자동,,블록구조,단독주택,85.52,2,2023-05-20,강원특별자치도 춘천시청,033-250-3192,2023-11-10
428,도심지,효자동,,일반목구조,단독주택,66.39,1,2023-05-20,강원특별자치도 춘천시청,033-250-3192,2023-11-10
429,도심지,효자동,,벽돌구조,단독주택,60.62,1,2023-05-20,강원특별자치도 춘천시청,033-250-3192,2023-11-10
430,도심지,효자동,,벽돌구조,단독주택,154.77,2,2023-05-20,강원특별자치도 춘천시청,033-250-3192,2023-11-10
431,도심지,효자동,,철근콘크리트구조,단독주택,234.754,1,2023-05-20,강원특별자치도 춘천시청,033-250-3192,2023-11-10
432,도심지,퇴계동,,벽돌구조,단독주택,154.799,4,2023-05-20,강원특별자치도 춘천시청,033-250-3192,2023-11-10
433,도심지,퇴계동,,일반목구조,단독주택,52.06,2,2023-05-20,강원특별자치도 춘천시청,033-250-3192,2023-11-10
434,도심지,퇴계동,,벽돌구조,단독주택,45.646,4,2023-05-20,강원특별자치도 춘천시청,033-250-3192,2023-11-10
435,도심지,퇴계동,,블록구조,단독주택,54.53,3,2023-05-20,강원특별자치도 춘천시청,033-250-3192,2023-11-10
436,도심지,퇴계동,,블록구조,단독주택,26.45,2,2023-05-20,강원특별자치도 춘천시청,033-250-3192,2023-11-10
437,도심지,퇴계동,,블록구조,단독주택,26.447,4,2023-05-20,강원특별자치도 춘천시청,033-250-3192,2023-11-10
438,도심지,퇴계동,,블록구조,단독주택,24.998,2,2023-05-20,강원특별자치도 춘천시청,033-250-3192,2023-11-10
439,도심지,퇴계동,,블록구조,단독주택,51.7,1,2023-05-20,강원특별자치도 춘천시청,033-250-3192,2023-11-10
440,도심지,퇴계동,,일반목구조,단독주택,76.58,1,2023-05-20,강원특별자치도 춘천시청,033-250-3192,2023-11-10
441,도심지,퇴계동,,블록구조,단독주택,35.28,3,2023-05-20,강원특별자치도 춘천시청,033-250-3192,2023-11-10
442,도심지,퇴계동,,일반목구조,단독주택,84.39,1,2023-05-20,강원특별자치도 춘천시청,033-250-3192,2023-11-10
443,도심지,퇴계동,,일반목구조,단독주택,44.0762,3,2023-05-20,강원특별자치도 춘천시청,033-250-3192,2023-11-10
444,도심지,퇴계동,,일반목구조,단독주택,35.587,2,2023-05-20,강원특별자치도 춘천시청,033-250-3192,2023-11-10
445,도심지,퇴계동,,블록구조,단독주택,44.0762,4,2023-05-20,강원특별자치도 춘천시청,033-250-3192,2023-11-10
446,도심지,퇴계동,,일반목구조,단독주택,89.17,1,2023-05-20,강원특별자치도 춘천시청,033-250-3192,2023-11-10
447,도심지,온의동,,블록구조,단독주택,48.06,3,2023-05-20,강원특별자치도 춘천시청,033-250-3192,2023-11-10
448,도심지,온의동,,일반목구조,단독주택,67.01,2,2023-05-20,강원특별자치도 춘천시청,033-250-3192,2023-11-10
449,도심지,삼천동,,벽돌구조,단독주택,72.0,1,2023-05-20,강원특별자치도 춘천시청,033-250-3192,2023-11-10
450,도심지,삼천동,,벽돌구조,단독주택,46.018,3,2023-05-20,강원특별자치도 춘천시청,033-250-3192,2023-11-10
451,도심지,삼천동,,벽돌구조,단독주택,81.599,1,2023-05-20,강원특별자치도 춘천시청,033-250-3192,2023-11-10
452,도심지,삼천동,,일반목구조,단독주택,26.446,3,2023-05-20,강원특별자치도 춘천시청,033-250-3192,2023-11-10
453,도심지,송암동,,일반목구조,단독주택,97.0,3,2023-05-20,강원특별자치도 춘천시청,033-250-3192,2023-11-10
454,도심지,송암동,,경량철골구조,제2종근린생활시설,98.0,1,2023-05-20,강원특별자치도 춘천시청,033-250-3192,2023-11-10
455,도심지,송암동,,일반목구조,단독주택,74.88,1,2023-05-20,강원특별자치도 춘천시청,033-250-3192,2023-11-10
456,도심지,우두동,,블록구조,단독주택,92.802,2,2023-05-20,강원특별자치도 춘천시청,033-250-3192,2023-11-10
457,도심지,우두동,,일반목구조,단독주택,23.507,3,2023-05-20,강원특별자치도 춘천시청,033-250-3192,2023-11-10
458,도심지,우두동,,일반목구조,단독주택,100.16,3,2023-05-20,강원특별자치도 춘천시청,033-250-3192,2023-11-10
459,도심지,우두동,,일반목구조,단독주택,58.8,2,2023-05-20,강원특별자치도 춘천시청,033-250-3192,2023-11-10
460,도심지,우두동,,블록구조,단독주택,18.135,3,2023-05-20,강원특별자치도 춘천시청,033-250-3192,2023-11-10
461,도심지,우두동,,블록구조,단독주택,59.0,3,2023-05-20,강원특별자치도 춘천시청,033-250-3192,2023-11-10
462,도심지,우두동,,블록구조,단독주택,13.11,1,2023-05-20,강원특별자치도 춘천시청,033-250-3192,2023-11-10
463,도심지,우두동,,경량철골구조,단독주택,116.31,2,2023-05-20,강원특별자치도 춘천시청,033-250-3192,2023-11-10
464,도심지,우두동,,블록구조,단독주택,45.0438,3,2023-05-20,강원특별자치도 춘천시청,033-250-3192,2023-11-10
465,도심지,우두동,,일반목구조,단독주택,28.6,2,2023-05-20,강원특별자치도 춘천시청,033-250-3192,2023-11-10
466,도심지,우두동,,블록구조,단독주택,23.219,3,2023-05-20,강원특별자치도 춘천시청,033-250-3192,2023-11-10
467,도심지,우두동,,블록구조,단독주택,31.27,3,2023-05-20,강원특별자치도 춘천시청,033-250-3192,2023-11-10
468,도심지,우두동,,일반목구조,단독주택,73.276,2,2023-05-20,강원특별자치도 춘천시청,033-250-3192,2023-11-10
469,도심지,우두동,,블록구조,단독주택,84.45,2,2023-05-20,강원특별자치도 춘천시청,033-250-3192,2023-11-10
470,도심지,우두동,,일반목구조,단독주택,66.251,4,2023-05-20,강원특별자치도 춘천시청,033-250-3192,2023-11-10
471,도심지,우두동,,블록구조,단독주택,80.872,1,2023-05-20,강원특별자치도 춘천시청,033-250-3192,2023-11-10
472,도심지,우두동,,블록구조,단독주택,51.46,1,2023-05-20,강원특별자치도 춘천시청,033-250-3192,2023-11-10
473,도심지,우두동,,블록구조,단독주택,79.71,4,2023-05-20,강원특별자치도 춘천시청,033-250-3192,2023-11-10
474,도심지,우두동,,일반목구조,단독주택,44.43,4,2023-05-20,강원특별자치도 춘천시청,033-250-3192,2023-11-10
475,도심지,우두동,,블록구조,단독주택,75.26,3,2023-05-20,강원특별자치도 춘천시청,033-250-3192,2023-11-10
476,도심지,우두동,,블록구조,단독주택,73.27,1,2023-05-20,강원특별자치도 춘천시청,033-250-3192,2023-11-10
477,도심지,우두동,,블록구조,단독주택,61.65,2,2023-05-20,강원특별자치도 춘천시청,033-250-3192,2023-11-10
478,도심지,우두동,,일반목구조,단독주택,123.93,4,2023-05-20,강원특별자치도 춘천시청,033-250-3192,2023-11-10
479,도심지,사농동,,블록구조,단독주택,50.81,3,2023-05-20,강원특별자치도 춘천시청,033-250-3192,2023-11-10
480,도심지,사농동,,일반목구조,단독주택,26.64,1,2023-05-20,강원특별자치도 춘천시청,033-250-3192,2023-11-10
481,도심지,사농동,,일반목구조,단독주택,48.45,4,2023-05-20,강원특별자치도 춘천시청,033-250-3192,2023-11-10
482,도심지,사농동,,블록구조,단독주택,97.65,4,2023-05-20,강원특별자치도 춘천시청,033-250-3192,2023-11-10
483,도심지,사농동,,일반목구조,단독주택,46.0,3,2023-05-20,강원특별자치도 춘천시청,033-250-3192,2023-11-10
484,도심지,사농동,,일반목구조,단독주택,22.01,2,2023-05-20,강원특별자치도 춘천시청,033-250-3192,2023-11-10
485,도심지,사농동,,벽돌구조,단독주택,36.77,4,2023-05-20,강원특별자치도 춘천시청,033-250-3192,2023-11-10
486,도심지,사농동,,일반목구조,단독주택,73.28,1,2023-05-20,강원특별자치도 춘천시청,033-250-3192,2023-11-10
487,도심지,사농동,,블록구조,단독주택,96.73,2,2023-05-20,강원특별자치도 춘천시청,033-250-3192,2023-11-10
488,도심지,사농동,,블록구조,단독주택,64.75,4,2023-05-20,강원특별자치도 춘천시청,033-250-3192,2023-11-10
489,도심지,사농동,,블록구조,단독주택,43.94,2,2023-05-20,강원특별자치도 춘천시청,033-250-3192,2023-11-10
490,도심지,사농동,,블록구조,단독주택,66.06,2,2023-05-20,강원특별자치도 춘천시청,033-250-3192,2023-11-10
491,도심지,사농동,,블록구조,단독주택,50.33,2,2023-05-20,강원특별자치도 춘천시청,033-250-3192,2023-11-10
492,도심지,사농동,,블록구조,단독주택,48.91,3,2023-05-20,강원특별자치도 춘천시청,033-250-3192,2023-11-10
493,도심지,사농동,,블록구조,단독주택,26.36,4,2023-05-20,강원특별자치도 춘천시청,033-250-3192,2023-11-10
494,도심지,신동,,일반목구조,단독주택,78.77,2,2023-05-20,강원특별자치도 춘천시청,033-250-3192,2023-11-10
495,도심지,신동,,일반목구조,제2종근린생활시설,58.501,2,2023-05-20,강원특별자치도 춘천시청,033-250-3192,2023-11-10
496,도심지,신동,,일반목구조,단독주택,90.82,2,2023-05-20,강원특별자치도 춘천시청,033-250-3192,2023-11-10
497,도심지,신동,,일반목구조,단독주택,90.24,2,2023-05-20,강원특별자치도 춘천시청,033-250-3192,2023-11-10
498,도심지,신동,,경량철골구조,동.식물 관련시설,165.5,1,2023-05-20,강원특별자치도 춘천시청,033-250-3192,2023-11-10
499,도심지,신동,,일반목구조,단독주택,34.86,2,2023-05-20,강원특별자치도 춘천시청,033-250-3192,2023-11-10
500,도심지,신동,,일반목구조,단독주택,15.39,1,2023-05-20,강원특별자치도 춘천시청,033-250-3192,2023-11-10
501,도심지,신동,,일반목구조,단독주택,67.91,2,2023-05-20,강원특별자치도 춘천시청,033-250-3192,2023-11-10
502,도심지,신동,,일반목구조,단독주택,18.48,3,2023-05-20,강원특별자치도 춘천시청,033-250-3192,2023-11-10
