Unnamed: 0,Unnamed: 1,시군구명,주소,등급,Unnamed: 5,Unnamed: 6,면적,밀집구역포함여부
0,1,부산광역시 금정구,구서동 420-45(101호),1,다세대,일반상업지역,60.5,미포함
1,2,부산광역시 금정구,구서동 816-6(지하),1,연립,제2종일반주거지역,198.9,미포함
2,3,부산광역시 금정구,금사동 26-1(307호),1,연립,제2종일반주거지역,43.5,미포함
3,4,부산광역시 금정구,금사동 26-17,2,단독,제2종일반주거지역,154.0,미포함
4,5,부산광역시 금정구,금사동 358(201호),1,다세대,제2종일반주거지역,80.6,미포함
5,6,부산광역시 금정구,금사동 416-2(107호),1,연립,제2종일반주거지역,53.1,미포함
6,7,부산광역시 금정구,금사동 58-18,1,단독,제2종일반주거지역,159.0,미포함
7,8,부산광역시 금정구,금사동 58-6,2,단독,제2종일반주거지역,176.8,미포함
8,9,부산광역시 금정구,금사동 64-8(203호),1,다세대,제2종일반주거지역,49.8,미포함
9,10,부산광역시 금정구,금사동 68-14(207호),1,연립,준공업지역,48.9,미포함
10,11,부산광역시 금정구,금사동 68-14(306호),1,연립,준공업지역,29.3,미포함
11,12,부산광역시 금정구,금성동 532,3,단독,자연녹지지역,289.3,미포함
12,13,부산광역시 금정구,남산동 101-1(402호),1,연립,제2종일반주거지역,26.5,미포함
13,14,부산광역시 금정구,남산동 130-28,1,단독,제3종일반주거지역,112.8,미포함
14,15,부산광역시 금정구,남산동 130-29,1,단독,제3종일반주거지역,111.3,미포함
15,16,부산광역시 금정구,남산동 18-19,2,단독,제2종일반주거지역,127.3,미포함
16,17,부산광역시 금정구,남산동 962-24,2,단독,제2종일반주거지역,237.5,미포함
17,18,부산광역시 금정구,노포동 261,3,단독,제1종일반주거지역,235.0,미포함
18,19,부산광역시 금정구,노포동 769,3,단독,제1종일반주거지역,450.0,미포함
19,20,부산광역시 금정구,두구동 455,3,단독,제1종일반주거지역,436.0,미포함
20,21,부산광역시 금정구,두구동 591,2,단독,제1종일반주거지역,255.0,미포함
21,22,부산광역시 금정구,부곡동 17-7,2,단독,제2종일반주거지역,56.5,미포함
22,23,부산광역시 금정구,부곡동 223-31,1,단독,제3종일반주거지역,160.6,미포함
23,24,부산광역시 금정구,부곡동 223-53,1,단독,제3종일반주거지역,162.6,미포함
24,25,부산광역시 금정구,부곡동 223-73,1,단독,제3종일반주거지역,161.3,미포함
25,26,부산광역시 금정구,부곡동 257-35,1,단독,제2종일반주거지역,380.1,미포함
26,27,부산광역시 금정구,부곡동 261-27,1,단독,제2종일반주거지역,63.1,미포함
27,28,부산광역시 금정구,부곡동 281-24,1,단독,제2종일반주거지역,163.0,미포함
28,29,부산광역시 금정구,부곡동 286-7(301호),1,다세대,제2종일반주거지역,65.2,미포함
29,30,부산광역시 금정구,부곡동 308-29,1,단독,준주거지역,182.1,미포함
30,31,부산광역시 금정구,부곡동 329-29,1,단독,준주거지역,53.2,미포함
31,32,부산광역시 금정구,부곡동 532-8,2,단독,제3종일반주거지역,99.0,미포함
32,33,부산광역시 금정구,부곡동 537-7,2,단독,제3종일반주거지역,46.0,미포함
33,34,부산광역시 금정구,부곡동 555,1,단독,제3종일반주거지역,112.0,미포함
34,35,부산광역시 금정구,부곡동 574-1,2,단독,제3종일반주거지역,112.0,미포함
35,36,부산광역시 금정구,부곡동 579-2,2,단독,제3종일반주거지역,166.0,미포함
36,37,부산광역시 금정구,부곡동 599-4,1,단독,제3종일반주거지역,132.0,미포함
37,38,부산광역시 금정구,부곡동 607-7,2,단독,제3종일반주거지역,129.0,미포함
38,39,부산광역시 금정구,부곡동 610-2,1,단독,제3종일반주거지역,93.0,미포함
39,40,부산광역시 금정구,부곡동 614-32,2,단독,제3종일반주거지역,142.0,미포함
40,41,부산광역시 금정구,부곡동 614-33,2,단독,제3종일반주거지역,126.0,미포함
41,42,부산광역시 금정구,부곡동 614-8,2,단독,제3종일반주거지역,132.0,미포함
42,43,부산광역시 금정구,부곡동 614-9,2,단독,제3종일반주거지역,126.0,미포함
43,44,부산광역시 금정구,부곡동 615-2,1,단독,제3종일반주거지역,60.0,미포함
44,45,부산광역시 금정구,부곡동 626-7,1,단독,제3종일반주거지역,129.0,미포함
45,46,부산광역시 금정구,부곡동 627-10,3,단독,제3종일반주거지역,231.0,미포함
46,47,부산광역시 금정구,부곡동 627-20,1,단독,제3종일반주거지역,165.0,미포함
47,48,부산광역시 금정구,부곡동 627-26,1,단독,제3종일반주거지역,167.0,미포함
48,49,부산광역시 금정구,부곡동 627-40,3,단독,제3종일반주거지역,159.0,미포함
49,50,부산광역시 금정구,부곡동 628-1,1,단독,제3종일반주거지역,99.0,미포함
50,51,부산광역시 금정구,부곡동 629-10,1,단독,제3종일반주거지역,92.6,미포함
51,52,부산광역시 금정구,부곡동 654-11,2,단독,제3종일반주거지역,99.0,미포함
52,53,부산광역시 금정구,부곡동 654-15,2,단독,제3종일반주거지역,96.0,미포함
53,54,부산광역시 금정구,부곡동 654-5,2,단독,제3종일반주거지역,106.0,미포함
54,55,부산광역시 금정구,부곡동 657-5,2,단독,제3종일반주거지역,104.0,미포함
55,56,부산광역시 금정구,부곡동 658-6,1,단독,제3종일반주거지역,128.0,미포함
56,57,부산광역시 금정구,부곡동 658-8,2,단독,제3종일반주거지역,132.0,미포함
57,58,부산광역시 금정구,부곡동 690-5,3,단독,제3종일반주거지역,69.0,미포함
58,59,부산광역시 금정구,부곡동 695-2,2,단독,제3종일반주거지역,233.0,미포함
59,60,부산광역시 금정구,부곡동 695-3,2,단독,제3종일반주거지역,304.0,미포함
60,61,부산광역시 금정구,부곡동 726-11,1,단독,제3종일반주거지역,50.0,미포함
61,62,부산광역시 금정구,부곡동 726-27,1,단독,제3종일반주거지역,51.0,미포함
62,63,부산광역시 금정구,부곡동 726-37,1,단독,제3종일반주거지역,50.0,미포함
63,64,부산광역시 금정구,부곡동 737-160,1,단독,제3종일반주거지역,48.0,미포함
64,65,부산광역시 금정구,부곡동 737-191,2,단독,제3종일반주거지역,58.0,미포함
65,66,부산광역시 금정구,부곡동 737-200,1,단독,제3종일반주거지역,53.0,미포함
66,67,부산광역시 금정구,부곡동 737-225,2,단독,제3종일반주거지역,60.0,미포함
67,68,부산광역시 금정구,부곡동 737-269,2,단독,제3종일반주거지역,36.0,미포함
68,69,부산광역시 금정구,부곡동 737-272,1,단독,제3종일반주거지역,36.0,미포함
69,70,부산광역시 금정구,부곡동 737-276,1,단독,제3종일반주거지역,36.0,미포함
70,71,부산광역시 금정구,부곡동 737-312(203호),1,다세대,제2종일반주거지역,40.1,미포함
71,72,부산광역시 금정구,부곡동 737-312(205호),1,다세대,제2종일반주거지역,43.1,미포함
72,73,부산광역시 금정구,부곡동 737-312(102호),1,다세대,제2종일반주거지역,40.1,미포함
73,74,부산광역시 금정구,부곡동 737-314,2,단독,제3종일반주거지역,55.0,미포함
74,75,부산광역시 금정구,부곡동 737-34,1,단독,제3종일반주거지역,53.0,미포함
75,76,부산광역시 금정구,부곡동 761-62,2,단독,제3종일반주거지역,49.0,미포함
76,77,부산광역시 금정구,부곡동 765-17,1,단독,제3종일반주거지역,50.0,미포함
77,78,부산광역시 금정구,부곡동 767-42,2,단독,제3종일반주거지역,49.0,미포함
78,79,부산광역시 금정구,부곡동 767-47,1,단독,제3종일반주거지역,53.0,미포함
79,80,부산광역시 금정구,부곡동 767-48,1,단독,제3종일반주거지역,53.0,미포함
80,81,부산광역시 금정구,부곡동 767-84,2,단독,제2종일반주거지역,106.0,미포함
81,82,부산광역시 금정구,부곡동 783(302호),1,아파트,제2종일반주거지역,55.8,미포함
82,83,부산광역시 금정구,부곡동 792-15,1,단독,제2종일반주거지역,56.0,미포함
83,84,부산광역시 금정구,부곡동 792-35,2,단독,제2종일반주거지역,63.0,미포함
84,85,부산광역시 금정구,부곡동 9-21(401호),1,아파트,제2종일반주거지역,73.2,미포함
85,86,부산광역시 금정구,부곡동 산14-6(511호),1,아파트,제2종일반주거지역,49.1,미포함
86,87,부산광역시 금정구,서동 111-1,1,단독,제2종일반주거지역,166.0,미포함
87,88,부산광역시 금정구,서동 121-12,1,단독,제2종일반주거지역,181.9,미포함
88,89,부산광역시 금정구,서동 122-13,1,단독,제2종일반주거지역,151.2,미포함
89,90,부산광역시 금정구,서동 136-36,1,단독,제2종일반주거지역,143.8,미포함
90,91,부산광역시 금정구,서동 136-9(401호),1,다세대,제2종일반주거지역,42.1,미포함
91,92,부산광역시 금정구,서동 141-210,1,단독,제2종일반주거지역,128.7,미포함
92,93,부산광역시 금정구,서동 151-60,2,단독,제3종일반주거지역,142.8,미포함
93,94,부산광역시 금정구,서동 168-2,1,단독,제2종일반주거지역,101.8,미포함
94,95,부산광역시 금정구,서동 211-54,2,단독,준주거지역,91.0,미포함
95,96,부산광역시 금정구,서동 219-19,2,단독,제2종일반주거지역,112.8,미포함
96,97,부산광역시 금정구,서동 297-124,1,단독,준주거지역,136.0,미포함
97,98,부산광역시 금정구,서동 297-272,1,단독,제2종일반주거지역,129.0,미포함
98,99,부산광역시 금정구,서동 297-294,1,단독,제2종일반주거지역,106.0,미포함
99,100,부산광역시 금정구,서동 297-386,2,단독,준주거지역,152.0,미포함
100,101,부산광역시 금정구,서동 297-41,1,단독,제2종일반주거지역,162.0,미포함
101,102,부산광역시 금정구,서동 297-420,2,단독,준주거지역,195.0,미포함
102,103,부산광역시 금정구,서동 297-518,1,단독,준주거지역,100.0,미포함
103,104,부산광역시 금정구,서동 302-1013,2,단독,제3종일반주거지역,53.0,미포함
104,105,부산광역시 금정구,서동 302-1014,1,단독,제3종일반주거지역,53.0,미포함
105,106,부산광역시 금정구,서동 302-1017,1,단독,제3종일반주거지역,53.0,미포함
106,107,부산광역시 금정구,서동 302-1018,2,단독,제3종일반주거지역,53.0,미포함
107,108,부산광역시 금정구,서동 302-1022,1,단독,제3종일반주거지역,50.0,미포함
108,109,부산광역시 금정구,서동 302-1024,1,단독,제3종일반주거지역,53.0,미포함
109,110,부산광역시 금정구,서동 302-1027,2,단독,제3종일반주거지역,53.0,미포함
110,111,부산광역시 금정구,서동 302-1032,2,단독,제3종일반주거지역,53.0,미포함
111,112,부산광역시 금정구,서동 302-1037,2,단독,제3종일반주거지역,63.0,미포함
112,113,부산광역시 금정구,서동 302-1041(102호),1,다세대,제3종일반주거지역,36.7,미포함
113,114,부산광역시 금정구,서동 302-1094,2,단독,제3종일반주거지역,26.0,미포함
114,115,부산광역시 금정구,서동 302-1137,1,단독,제3종일반주거지역,49.0,미포함
115,116,부산광역시 금정구,서동 302-1299,1,단독,제3종일반주거지역,53.0,미포함
116,117,부산광역시 금정구,서동 302-1315,1,단독,제3종일반주거지역,53.0,미포함
117,118,부산광역시 금정구,서동 302-1341,1,단독,제3종일반주거지역,53.0,미포함
118,119,부산광역시 금정구,서동 302-1347,1,단독,제3종일반주거지역,50.0,미포함
119,120,부산광역시 금정구,서동 302-1348,1,단독,제3종일반주거지역,50.0,미포함
120,121,부산광역시 금정구,서동 302-1370,1,단독,제3종일반주거지역,25.0,미포함
121,122,부산광역시 금정구,서동 302-1388,1,단독,제3종일반주거지역,53.0,미포함
122,123,부산광역시 금정구,서동 302-1390,3,단독,제3종일반주거지역,23.0,미포함
123,124,부산광역시 금정구,서동 302-1399,2,단독,제3종일반주거지역,46.0,미포함
124,125,부산광역시 금정구,서동 302-145,1,단독,제3종일반주거지역,46.0,미포함
125,126,부산광역시 금정구,서동 302-1462,1,단독,제3종일반주거지역,43.0,미포함
126,127,부산광역시 금정구,서동 302-1464,2,단독,제3종일반주거지역,17.0,미포함
127,128,부산광역시 금정구,서동 302-1512,1,다가구,제3종일반주거지역,50.0,미포함
128,129,부산광역시 금정구,서동 302-1540,2,단독,제3종일반주거지역,50.0,미포함
129,130,부산광역시 금정구,서동 302-1541,2,단독,제3종일반주거지역,50.0,미포함
130,131,부산광역시 금정구,서동 302-1563,4,단독,제3종일반주거지역,46.0,미포함
131,132,부산광역시 금정구,서동 302-1578,3,단독,제3종일반주거지역,46.0,미포함
132,133,부산광역시 금정구,서동 302-1650,1,단독,제3종일반주거지역,46.0,미포함
133,134,부산광역시 금정구,서동 302-1750,2,단독,제3종일반주거지역,50.0,미포함
134,135,부산광역시 금정구,서동 302-1817,1,단독,제3종일반주거지역,83.0,미포함
135,136,부산광역시 금정구,서동 302-1846,1,단독,제3종일반주거지역,23.0,미포함
136,137,부산광역시 금정구,서동 302-1864,1,단독,제3종일반주거지역,42.0,미포함
137,138,부산광역시 금정구,서동 302-1887,3,단독,제3종일반주거지역,52.0,미포함
138,139,부산광역시 금정구,서동 302-1888,2,단독,제3종일반주거지역,26.0,미포함
139,140,부산광역시 금정구,서동 302-1896,2,단독,제3종일반주거지역,26.0,미포함
140,141,부산광역시 금정구,서동 302-218,1,단독,제3종일반주거지역,23.0,미포함
141,142,부산광역시 금정구,서동 302-308,2,단독,준주거지역,50.0,미포함
142,143,부산광역시 금정구,서동 302-309,2,단독,준주거지역,55.0,미포함
143,144,부산광역시 금정구,서동 302-357,2,단독,준주거지역,36.0,미포함
144,145,부산광역시 금정구,서동 302-363,1,단독,준주거지역,40.0,미포함
145,146,부산광역시 금정구,서동 302-389,1,단독,제3종일반주거지역,43.0,미포함
146,147,부산광역시 금정구,서동 302-410,2,단독,제3종일반주거지역,55.0,미포함
147,148,부산광역시 금정구,서동 302-411,1,단독,제3종일반주거지역,43.0,미포함
148,149,부산광역시 금정구,서동 302-414,1,단독,제3종일반주거지역,36.0,미포함
149,150,부산광역시 금정구,서동 302-418,1,단독,제3종일반주거지역,29.0,미포함
150,151,부산광역시 금정구,서동 302-434,2,단독,제3종일반주거지역,106.0,미포함
151,152,부산광역시 금정구,서동 302-441,1,단독,제3종일반주거지역,40.0,미포함
152,153,부산광역시 금정구,서동 302-445,1,단독,제3종일반주거지역,40.0,미포함
153,154,부산광역시 금정구,서동 302-454,1,단독,제3종일반주거지역,43.0,미포함
154,155,부산광역시 금정구,서동 302-455,1,단독,제3종일반주거지역,43.0,미포함
155,156,부산광역시 금정구,서동 302-459,1,단독,제3종일반주거지역,43.0,미포함
156,157,부산광역시 금정구,서동 302-461,1,단독,제3종일반주거지역,43.0,미포함
157,158,부산광역시 금정구,서동 302-462,1,단독,제3종일반주거지역,43.0,미포함
158,159,부산광역시 금정구,서동 302-473,1,단독,제3종일반주거지역,43.0,미포함
159,160,부산광역시 금정구,서동 302-476,1,단독,제3종일반주거지역,43.0,미포함
160,161,부산광역시 금정구,서동 302-478,1,단독,제3종일반주거지역,43.0,미포함
161,162,부산광역시 금정구,서동 302-514,1,단독,제3종일반주거지역,40.0,미포함
162,163,부산광역시 금정구,서동 302-537,2,단독,준주거지역,50.0,미포함
163,164,부산광역시 금정구,서동 302-549,2,단독,준주거지역,53.0,미포함
164,165,부산광역시 금정구,서동 302-55,2,단독,제3종일반주거지역,50.0,미포함
165,166,부산광역시 금정구,서동 302-555,1,단독,준주거지역,50.0,미포함
166,167,부산광역시 금정구,서동 302-663,1,단독,제3종일반주거지역,53.0,미포함
167,168,부산광역시 금정구,서동 302-676,2,단독,제3종일반주거지역,53.0,미포함
168,169,부산광역시 금정구,서동 302-720,2,단독,제3종일반주거지역,28.0,미포함
169,170,부산광역시 금정구,서동 302-725,1,단독,제3종일반주거지역,53.0,미포함
170,171,부산광역시 금정구,서동 302-743,1,단독,제3종일반주거지역,43.0,미포함
171,172,부산광역시 금정구,서동 302-745,1,단독,제3종일반주거지역,43.0,미포함
172,173,부산광역시 금정구,서동 302-746,1,단독,제3종일반주거지역,43.0,미포함
173,174,부산광역시 금정구,서동 302-750,1,단독,제3종일반주거지역,43.0,미포함
174,175,부산광역시 금정구,서동 302-755,2,단독,제3종일반주거지역,43.0,미포함
175,176,부산광역시 금정구,서동 302-765,1,단독,제3종일반주거지역,43.0,미포함
176,177,부산광역시 금정구,서동 302-780,2,단독,제3종일반주거지역,43.0,미포함
177,178,부산광역시 금정구,서동 302-782,1,단독,제3종일반주거지역,43.0,미포함
178,179,부산광역시 금정구,서동 302-788,1,단독,제3종일반주거지역,43.0,미포함
179,180,부산광역시 금정구,서동 302-801,2,단독,제3종일반주거지역,53.0,미포함
180,181,부산광역시 금정구,서동 302-804,1,단독,제3종일반주거지역,99.0,미포함
181,182,부산광역시 금정구,서동 302-812,1,단독,제3종일반주거지역,67.0,미포함
182,183,부산광역시 금정구,서동 302-820,1,단독,제3종일반주거지역,76.0,미포함
183,184,부산광역시 금정구,서동 302-821,2,단독,제3종일반주거지역,83.0,미포함
184,185,부산광역시 금정구,서동 302-827,1,단독,제3종일반주거지역,76.0,미포함
185,186,부산광역시 금정구,서동 302-830,1,단독,제3종일반주거지역,60.0,미포함
186,187,부산광역시 금정구,서동 302-836,1,단독,제3종일반주거지역,69.0,미포함
187,188,부산광역시 금정구,서동 302-837,1,단독,제3종일반주거지역,46.0,미포함
188,189,부산광역시 금정구,서동 302-852,1,단독,제3종일반주거지역,50.0,미포함
189,190,부산광역시 금정구,서동 302-857,1,단독,제3종일반주거지역,50.0,미포함
190,191,부산광역시 금정구,서동 302-877,1,단독,제3종일반주거지역,53.0,미포함
191,192,부산광역시 금정구,서동 302-882,3,단독,제3종일반주거지역,53.0,미포함
192,193,부산광역시 금정구,서동 302-900,1,단독,제3종일반주거지역,53.0,미포함
193,194,부산광역시 금정구,서동 302-901,1,단독,제3종일반주거지역,53.0,미포함
194,195,부산광역시 금정구,서동 302-912,1,단독,제3종일반주거지역,56.0,미포함
195,196,부산광역시 금정구,서동 302-952,1,단독,제3종일반주거지역,56.0,미포함
196,197,부산광역시 금정구,서동 302-961,1,단독,제3종일반주거지역,35.0,미포함
197,198,부산광역시 금정구,서동 302-965,1,단독,제3종일반주거지역,60.0,미포함
198,199,부산광역시 금정구,서동 302-977,1,단독,준주거지역,62.0,미포함
199,200,부산광역시 금정구,서동 304-105,2,단독,제3종일반주거지역,47.0,미포함
200,201,부산광역시 금정구,서동 304-121,3,단독,제3종일반주거지역,52.0,미포함
201,202,부산광역시 금정구,서동 304-46,2,단독,제3종일반주거지역,45.0,미포함
202,203,부산광역시 금정구,서동 304-72,1,단독,제3종일반주거지역,46.0,미포함
203,204,부산광역시 금정구,서동 304-75,2,단독,제3종일반주거지역,71.0,미포함
204,205,부산광역시 금정구,서동 304-80,4,단독,제3종일반주거지역,46.0,미포함
205,206,부산광역시 금정구,서동 308-105,1,단독,제3종일반주거지역,38.0,미포함
206,207,부산광역시 금정구,서동 308-120,1,단독,제3종일반주거지역,50.0,미포함
207,208,부산광역시 금정구,서동 308-124,2,단독,제3종일반주거지역,33.0,미포함
208,209,부산광역시 금정구,서동 308-132,1,단독,제3종일반주거지역,37.0,미포함
209,210,부산광역시 금정구,서동 308-148,2,단독,제3종일반주거지역,33.0,미포함
210,211,부산광역시 금정구,서동 308-38,2,단독,제3종일반주거지역,46.0,미포함
211,212,부산광역시 금정구,서동 308-39,3,단독,제3종일반주거지역,46.0,미포함
212,213,부산광역시 금정구,서동 308-44,2,단독,제3종일반주거지역,43.0,미포함
213,214,부산광역시 금정구,서동 308-45,2,단독,제3종일반주거지역,43.0,미포함
214,215,부산광역시 금정구,서동 308-47,1,단독,제3종일반주거지역,43.0,미포함
215,216,부산광역시 금정구,서동 308-49,2,단독,제3종일반주거지역,43.0,미포함
216,217,부산광역시 금정구,서동 308-54,1,단독,제3종일반주거지역,43.0,미포함
217,218,부산광역시 금정구,서동 308-9,2,단독,제3종일반주거지역,47.0,미포함
218,219,부산광역시 금정구,서동 308-93,4,단독,제3종일반주거지역,46.0,미포함
219,220,부산광역시 금정구,서동 314-101,1,단독,준주거지역,50.0,미포함
220,221,부산광역시 금정구,서동 314-106,1,단독,준주거지역,50.0,미포함
221,222,부산광역시 금정구,서동 314-18,3,단독,준주거지역,37.0,미포함
222,223,부산광역시 금정구,서동 314-74,1,단독,준주거지역,50.0,미포함
223,224,부산광역시 금정구,서동 314-79,1,단독,준주거지역,50.0,미포함
224,225,부산광역시 금정구,서동 314-88,2,단독,준주거지역,50.0,미포함
225,226,부산광역시 금정구,서동 314-90,1,단독,준주거지역,50.0,미포함
226,227,부산광역시 금정구,서동 36-33,1,단독,제2종일반주거지역,116.3,미포함
227,228,부산광역시 금정구,서동 36-7,1,단독,제2종일반주거지역,133.9,미포함
228,229,부산광역시 금정구,서동 376-11,3,단독,제3종일반주거지역,62.0,미포함
229,230,부산광역시 금정구,서동 376-17,2,단독,제3종일반주거지역,49.0,미포함
230,231,부산광역시 금정구,서동 376-32,3,단독,제3종일반주거지역,30.0,미포함
231,232,부산광역시 금정구,서동 376-86,1,단독,제3종일반주거지역,49.0,미포함
232,233,부산광역시 금정구,서동 377-16,2,단독,제3종일반주거지역,46.0,미포함
233,234,부산광역시 금정구,서동 377-17,2,단독,제3종일반주거지역,46.0,미포함
234,235,부산광역시 금정구,서동 377-22,2,단독,제3종일반주거지역,51.0,미포함
235,236,부산광역시 금정구,서동 377-59,3,단독,제3종일반주거지역,26.0,미포함
236,237,부산광역시 금정구,서동 381-44,3,단독,제3종일반주거지역,63.0,미포함
237,238,부산광역시 금정구,서동 41-10(201호),1,다세대,제2종일반주거지역,40.8,미포함
238,239,부산광역시 금정구,서동 41-10(204호),1,다세대,제2종일반주거지역,40.8,미포함
239,240,부산광역시 금정구,서동 464-3,3,단독,제2종일반주거지역,81.0,미포함
240,241,부산광역시 금정구,서동 512-7,2,단독,제3종일반주거지역,172.0,미포함
241,242,부산광역시 금정구,서동 520,2,단독,제3종일반주거지역,265.0,미포함
242,243,부산광역시 금정구,서동 520-126,1,단독,제3종일반주거지역,53.0,미포함
243,244,부산광역시 금정구,서동 520-128,1,단독,제3종일반주거지역,53.0,미포함
244,245,부산광역시 금정구,서동 520-129,1,단독,제3종일반주거지역,53.0,미포함
245,246,부산광역시 금정구,서동 520-167,1,단독,제3종일반주거지역,53.0,미포함
246,247,부산광역시 금정구,서동 520-180,1,단독,제3종일반주거지역,56.0,미포함
247,248,부산광역시 금정구,서동 520-189,3,단독,제3종일반주거지역,66.0,미포함
248,249,부산광역시 금정구,서동 520-216,1,단독,제3종일반주거지역,43.0,미포함
249,250,부산광역시 금정구,서동 520-219,1,단독,제3종일반주거지역,46.0,미포함
250,251,부산광역시 금정구,서동 520-221,1,단독,제3종일반주거지역,56.0,미포함
251,252,부산광역시 금정구,서동 520-228,1,단독,제3종일반주거지역,40.0,미포함
252,253,부산광역시 금정구,서동 520-246,1,단독,제3종일반주거지역,53.0,미포함
253,254,부산광역시 금정구,서동 520-306,1,단독,제3종일반주거지역,50.0,미포함
254,255,부산광역시 금정구,서동 520-31,2,단독,제3종일반주거지역,56.0,미포함
255,256,부산광역시 금정구,서동 520-335,1,단독,제3종일반주거지역,43.0,미포함
256,257,부산광역시 금정구,서동 520-336,2,단독,제3종일반주거지역,56.0,미포함
257,258,부산광역시 금정구,서동 520-38,3,단독,제3종일반주거지역,53.0,미포함
258,259,부산광역시 금정구,서동 520-61,2,단독,제3종일반주거지역,53.0,미포함
259,260,부산광역시 금정구,서동 520-67,1,단독,제3종일반주거지역,53.0,미포함
260,261,부산광역시 금정구,서동 520-71,1,단독,제3종일반주거지역,53.0,미포함
261,262,부산광역시 금정구,서동 520-82,1,단독,제3종일반주거지역,56.0,미포함
262,263,부산광역시 금정구,서동 520-84,1,단독,제3종일반주거지역,53.0,미포함
263,264,부산광역시 금정구,서동 520-85,2,단독,제3종일반주거지역,36.0,미포함
264,265,부산광역시 금정구,서동 520-86,1,단독,제3종일반주거지역,54.9,미포함
265,266,부산광역시 금정구,서동 542-133,1,단독,제3종일반주거지역,50.0,미포함
266,267,부산광역시 금정구,서동 542-73,2,단독,제3종일반주거지역,52.0,미포함
267,268,부산광역시 금정구,서동 549-20,3,단독,제3종일반주거지역,22.0,미포함
268,269,부산광역시 금정구,서동 552-6,1,단독,제3종일반주거지역,50.0,미포함
269,270,부산광역시 금정구,서동 556-15,1,단독,제3종일반주거지역,59.0,미포함
270,271,부산광역시 금정구,서동 556-8,1,단독,제3종일반주거지역,52.0,미포함
271,272,부산광역시 금정구,서동 557-81,1,단독,제3종일반주거지역,54.0,미포함
272,273,부산광역시 금정구,서동 558-10,1,단독,제3종일반주거지역,62.8,미포함
273,274,부산광역시 금정구,서동 560-103(301호),1,다세대,제3종일반주거지역,38.8,미포함
274,275,부산광역시 금정구,서동 560-103(302호),1,다세대,제3종일반주거지역,38.8,미포함
275,276,부산광역시 금정구,서동 560-103(401호),1,다세대,제3종일반주거지역,38.8,미포함
276,277,부산광역시 금정구,서동 560-116,2,단독,제3종일반주거지역,40.0,미포함
277,278,부산광역시 금정구,서동 560-124,1,단독,제3종일반주거지역,36.0,미포함
278,279,부산광역시 금정구,서동 560-126,1,단독,제3종일반주거지역,43.0,미포함
279,280,부산광역시 금정구,서동 560-129,1,단독,제3종일반주거지역,36.0,미포함
280,281,부산광역시 금정구,서동 560-147,1,단독,제3종일반주거지역,48.0,미포함
281,282,부산광역시 금정구,서동 560-166,1,단독,제3종일반주거지역,60.0,미포함
282,283,부산광역시 금정구,서동 560-32,2,단독,제3종일반주거지역,73.0,미포함
283,284,부산광역시 금정구,서동 560-34,2,단독,제3종일반주거지역,43.0,미포함
284,285,부산광역시 금정구,서동 560-36(103호),1,다세대,제3종일반주거지역,42.2,미포함
285,286,부산광역시 금정구,서동 560-62,1,단독,제3종일반주거지역,43.0,미포함
286,287,부산광역시 금정구,서동 560-63,1,단독,제3종일반주거지역,43.0,미포함
287,288,부산광역시 금정구,서동 560-75,2,단독,제3종일반주거지역,46.0,미포함
288,289,부산광역시 금정구,서동 560-78,2,단독,제3종일반주거지역,49.0,미포함
289,290,부산광역시 금정구,서동 560-91,1,단독,제3종일반주거지역,53.0,미포함
290,291,부산광역시 금정구,서동 564-17,1,단독,제3종일반주거지역,48.0,미포함
291,292,부산광역시 금정구,서동 566-19,2,단독,제3종일반주거지역,48.0,미포함
292,293,부산광역시 금정구,서동 566-29,1,단독,제3종일반주거지역,45.0,미포함
293,294,부산광역시 금정구,서동 572-3,1,단독,제3종일반주거지역,47.0,미포함
294,295,부산광역시 금정구,서동 572-6,1,단독,제3종일반주거지역,41.0,미포함
295,296,부산광역시 금정구,서동 573-11,1,단독,제3종일반주거지역,47.0,미포함
296,297,부산광역시 금정구,서동 580-2,1,단독,제2종일반주거지역,83.0,미포함
297,298,부산광역시 금정구,서동 580-5,3,단독,제2종일반주거지역,109.0,미포함
298,299,부산광역시 금정구,서동 581-1,2,단독,제2종일반주거지역,116.0,미포함
299,300,부산광역시 금정구,서동 581-30,1,단독,제2종일반주거지역,34.0,미포함
300,301,부산광역시 금정구,서동 581-7,4,단독,제2종일반주거지역,109.0,미포함
301,302,부산광역시 금정구,선동 537-1,2,단독,제1종일반주거지역,480.0,미포함
302,303,부산광역시 금정구,오륜동 316,3,단독,제1종일반주거지역,139.0,미포함
303,304,부산광역시 금정구,오륜동 319,2,단독,제1종일반주거지역,281.0,미포함
304,305,부산광역시 금정구,장전동 263-47,1,단독,제2종일반주거지역,47.0,미포함
305,306,부산광역시 금정구,장전동 263-65,1,단독,제2종일반주거지역,158.0,미포함
306,307,부산광역시 금정구,장전동 299-4,1,단독,제2종일반주거지역,145.0,미포함
307,308,부산광역시 금정구,장전동 364-21(104호),1,다세대,제2종일반주거지역,18.0,미포함
308,309,부산광역시 금정구,장전동 505-30,2,단독,제2종일반주거지역,225.0,미포함
309,310,부산광역시 금정구,장전동 610-8,2,단독,제2종일반주거지역,89.0,미포함
310,311,부산광역시 금정구,장전동 620-35,4,단독,제2종일반주거지역,135.2,미포함
311,312,부산광역시 금정구,장전동 620-9,1,단독,제2종일반주거지역,192.0,미포함
312,313,부산광역시 금정구,장전동 628-38,4,단독,제2종일반주거지역,132.0,미포함
313,314,부산광역시 금정구,장전동 628-81,1,단독,제2종일반주거지역,98.0,미포함
314,315,부산광역시 금정구,장전동 631-16,2,단독,제2종일반주거지역,191.0,미포함
315,316,부산광역시 금정구,장전동 635-15,3,단독,제2종일반주거지역,112.0,미포함
316,317,부산광역시 금정구,장전동 635-16,2,단독,제2종일반주거지역,86.0,미포함
317,318,부산광역시 금정구,장전동 646-24,1,단독,일반상업지역,36.0,미포함
318,319,부산광역시 금정구,장전동 74-43,1,단독,제2종일반주거지역,162.0,미포함
319,320,부산광역시 금정구,청룡동 159,4,단독,개발제한구역,324.0,미포함
320,321,부산광역시 금정구,청룡동 270-1,2,단독,개발제한구역,317.0,미포함
321,322,부산광역시 금정구,청룡동 303,2,단독,제2종일반주거지역,271.0,미포함
322,323,부산광역시 금정구,청룡동 332,4,단독,제2종일반주거지역,327.0,미포함
323,324,부산광역시 금정구,청룡동 342,3,단독,제2종일반주거지역,380.0,미포함
324,325,부산광역시 금정구,청룡동 344,4,단독,제2종일반주거지역,231.0,미포함
325,326,부산광역시 금정구,청룡동 345-1,2,단독,제2종일반주거지역,196.0,미포함
326,327,부산광역시 금정구,회동동 167-26,1,단독,제2종일반주거지역,143.9,미포함
327,328,부산광역시 금정구,회동동 174-1(204호),1,다세대,제2종일반주거지역,44.7,미포함
328,329,부산광역시 금정구,회동동 197-23(105호),1,다세대,제2종일반주거지역,34.8,미포함
329,330,부산광역시 금정구,회동동 201-4(506호),1,연립,제2종일반주거지역,46.0,미포함
330,331,부산광역시 금정구,회동동 299-3(201호),2,다세대,제2종일반주거지역,26.5,미포함
331,332,부산광역시 금정구,회동동 299-3(203호),1,다세대,제2종일반주거지역,26.5,미포함
332,333,부산광역시 금정구,회동동 332-2(502호),1,다세대,제2종일반주거지역,66.8,미포함
333,334,부산광역시 금정구,회동동 361(107호),1,연립,제2종일반주거지역,43.6,미포함
