Unnamed: 0,주소,도로명,Unnamed: 3,건축년도,건축구조,전용면적,건축면적,면적,대지면적(제곱미터)
0,부산광역시 해운대구 중동 1500-9,달맞이길117번가길 97,아파트,1991,철근콘크리트구조,234.51,529.02,3147.84,726.9
1,부산광역시 해운대구 중동 1499-16,달맞이길117번나길 15-17,다세대,1992,철근콘크리트구조,27.0,150.67,634.8,318.4
2,부산광역시 해운대구 중동 1499-4,달맞이길117번나길 15-19,다세대,1992,철근콘크리트구조,27.0,150.67,634.8,318.3
3,부산광역시 해운대구 중동 1493-21,달맞이길117번다길 130-1,단독주택,1985,벽돌구조,,96.87,157.9,0.0
4,부산광역시 해운대구 중동 1506-8,달맞이길117번다길 17,아파트,1991,철근콘크리트구조,141.6,564.46,3454.93,233.9
5,부산광역시 해운대구 중동 1405-10,해운대해변로 302,아파트,1975,철근콘크리트구조,32.69,253.42,1652.72,430.0
6,부산광역시 해운대구 중동 1405-10,해운대해변로 302,아파트,1975,철근콘크리트구조,30.05,253.42,1652.72,430.0
7,부산광역시 해운대구 중동 1405-10,해운대해변로 302,아파트,1975,철근콘크리트구조,32.69,253.42,1652.72,430.0
8,부산광역시 해운대구 중동 1405-10,해운대해변로 302,아파트,1975,철근콘크리트구조,30.05,253.42,1652.72,430.0
9,부산광역시 해운대구 중동 1405-10,해운대해변로 302,아파트,1975,철근콘크리트구조,32.69,253.42,1652.72,430.0
10,부산광역시 해운대구 중동 943-5,달맞이길62번길 6-10,단독주택,1974,블록구조,,55.07,55.07,99.0
11,부산광역시 해운대구 중동 1485-6,달맞이길117번라길 58,다세대,1980,벽돌구조,46.21,184.79,415.76,316.7
12,부산광역시 해운대구 중동 1484-19,달맞이길117번라길 76,단독주택,1988,벽돌구조,,99.63,126.35,276.4
13,부산광역시 해운대구 중동 1483-29,달맞이길117번다길 178,다세대,1991,철근콘크리트구조,20.12,162.98,580.63,297.5
14,부산광역시 해운대구 중동 1484-30,달맞이길117번다길 181,다세대,1991,벽돌구조,25.2,117.66,329.22,298.3
15,부산광역시 해운대구 중동 1484-7,달맞이길117번라길 96,다세대,1996,철근콘크리트구조,65.05,148.78,619.93,254.5
16,부산광역시 해운대구 중동 800-1,좌동순환로468번길 28-8,단독주택,1987,벽돌구조,,90.03,158.91,161.0
17,부산광역시 해운대구 우동 548-34,구남로21번길 11-6,단독주택,1985,블록구조,,83.24,83.24,145.0
18,부산광역시 해운대구 중동 1484-3,달맞이길117번다길 197,연립,1992,철근콘크리트구조,115.24,246.37,1288.0,528.3
19,부산광역시 해운대구 우동 613-3,구남로21번길 13-5,단독주택,1985,블록구조,,36.0,36.0,56.0
20,부산광역시 해운대구 중동 1158-2,달맞이길 29-15,단독주택,1968,블록구조,,43.47,43.47,86.0
21,부산광역시 해운대구 중동 794,,단독주택,1953,일반목구조,,26.45,26.45,182.0
22,부산광역시 해운대구 중동 849,좌동순환로468번길 65-1,단독주택,1953,시멘트블럭조,,0.0,108.95,215.0
23,부산광역시 해운대구 중동 1221-1,해운대해변로 339-5,다세대,2000,철근콘크리트구조,39.0,189.85,659.18,256.0
24,부산광역시 해운대구 중동 831,좌동순환로468번나길 9-9,단독주택,1969,시멘트블럭조,,0.0,54.6,132.0
25,부산광역시 해운대구 중동 1214-2,해운대해변로 339-9,단독주택,1938,일반목구조,,52.89,52.89,250.0
26,부산광역시 해운대구 중동 1477-4,달맞이길117번나길 175-19,다세대,1997,철근콘크리트구조,25.86,146.94,643.35,283.9
27,부산광역시 해운대구 중동 1477-4,달맞이길117번나길 175-19,다세대,1997,철근콘크리트구조,25.86,146.94,643.35,283.9
28,부산광역시 해운대구 중동 1376-15,중동2로24번길 3-6,단독주택,1974,벽돌구조,,70.4,124.28,155.9
29,부산광역시 해운대구 중동 1376-19,중동2로26번길 6,다가구주택,1976,블록구조,,78.58,144.14,155.0
30,부산광역시 해운대구 중동 1679,중동1로17번길 32-13,단독주택,1974,블록구조,,25.78,25.78,65.2
31,부산광역시 해운대구 중동 1645,중동2로26번길 11,단독주택,1997,기타조적구조,,66.2,132.4,89.0
32,부산광역시 해운대구 중동 1266-4,해운대해변로351번길 17,단독주택,1969,블록구조,,49.59,49.59,86.0
33,부산광역시 해운대구 중동 1266-1,해운대해변로351번길 21,단독주택,1970,블록구조,,56.66,56.66,205.0
34,부산광역시 해운대구 중동 1661,중동2로 31-8,단독주택,1971,블록구조,,26.45,26.45,63.6
35,부산광역시 해운대구 중동 1271-60,해운대해변로359번길 13-1,단독주택,1985,블록구조,,26.25,29.25,30.0
36,부산광역시 해운대구 중동 1271-65,해운대해변로357번길 10-5,단독주택,1973,블록구조,,56.08,56.08,107.0
37,부산광역시 해운대구 중동 1637,중동2로26번길 15-8,단독주택,1968,벽돌구조,,48.79,48.79,149.0
38,부산광역시 해운대구 중동 1365-1,중동2로34번길 24,단독주택,1978,블록구조,,86.78,128.0,437.0
39,부산광역시 해운대구 우동 460-55,우동1로49번길 17-6,단독주택,1974,블록구조,,55.2,55.2,139.0
40,부산광역시 해운대구 우동 460-40,우동1로 45-8,단독주택,1971,블록구조,,42.98,42.98,64.0
41,부산광역시 해운대구 우동 460-65,우동1로 45-6,단독주택,1976,블록구조,,81.98,81.98,165.0
42,부산광역시 해운대구 우동 520-46,우동1로20번가길 19-13,단독주택,1975,블록구조,,59.05,59.05,119.0
43,부산광역시 해운대구 우동 458-1,우동1로 53,다세대,1979,철근콘크리트구조,56.1,224.46,588.02,449.0
44,부산광역시 해운대구 우동 397-39,우동1로49번가길 13-1,단독주택,1974,블록구조,,59.5,59.5,99.0
45,부산광역시 해운대구 우동 397-38,우동1로49번가길 16,단독주택,1985,블록구조,,29.6,29.6,30.0
46,부산광역시 해운대구 우동 397-97,우동1로49번가길 17,단독주택,1973,블록구조,,23.14,23.14,63.0
47,부산광역시 해운대구 우동 397-58,우동1로49번가길 15-4,단독주택,1973,블록구조,,33.06,33.06,83.0
48,부산광역시 해운대구 우동 397-53,우동1로49번가길 15-13,단독주택,1972,블록구조,,42.98,42.98,99.0
49,부산광역시 해운대구 우동 446-6,우동1로38번길 31-12,단독주택,1974,블록구조,,47.08,47.08,106.0
50,부산광역시 해운대구 중동 1550,우동3로 6-27,단독주택,1969,블록구조,,41.98,41.98,102.0
51,부산광역시 해운대구 우동 397-92,우동1로 69-4,단독주택,1985,블록구조,,104.94,104.94,66.0
52,부산광역시 해운대구 우동 178-9,우동2로30번가길 10-7,단독주택,1991,벽돌구조,,46.61,89.44,108.0
53,부산광역시 해운대구 우동 161,우동2로32번길 2-6,단독주택,1992,기타조적구조,,28.22,56.44,53.0
54,부산광역시 해운대구 우동 179-6,우동2로30번가길 20-13,단독주택,1969,벽돌구조,,49.59,49.59,99.0
55,부산광역시 해운대구 우동 179-10,우동2로30번가길 20-7,단독주택,1973,블록구조,,38.02,38.02,93.0
56,부산광역시 해운대구 우동 398-18,우동1로20번가길 60-8,단독주택,1992,기타조적구조,,66.72,131.67,112.27
57,부산광역시 해운대구 우동 198-9,우동3로11번길 8-10,단독주택,1973,블록구조,,49.59,68.76,155.0
58,부산광역시 해운대구 우동 387-1,우동1로71번길 20,연립,1992,철근콘크리트구조,27.34,227.3,1147.23,393.0
59,부산광역시 해운대구 우동 232-28,우동2로30번길 17-13,단독주택,1976,블록구조,,56.2,56.2,152.0
60,부산광역시 해운대구 우동 232-18,우동2로30번길 17-11,다세대,1979,블록구조,49.65,99.3,198.6,166.0
61,부산광역시 해운대구 우동 232-18,우동2로30번길 17-11,다세대,1979,블록구조,49.65,99.3,198.6,166.0
62,부산광역시 해운대구 우동 1074-8,해운대로391번길 24-1,단독주택,1974,블록구조,,67.21,67.21,126.0
63,부산광역시 해운대구 우동 1074-3,해운대로391번길 24,단독주택,1974,블록구조,,64.46,64.46,122.0
64,부산광역시 해운대구 우동 1074-4,해운대로391번길 22,단독주택,1970,블록구조,,46.61,46.61,149.0
65,부산광역시 해운대구 우동 1087-22,해운대로391번길 18,단독주택,1985,블록구조,,27.0,54.0,60.0
66,부산광역시 해운대구 우동 1087-20,해운대로391번길 10-3,단독주택,1985,블록구조,,34.2,34.2,56.0
67,부산광역시 해운대구 우동 248-6,우동2로32번길 48-6,연립,1980,벽돌구조,64.1,316.26,797.1,532.0
68,부산광역시 해운대구 우동 238,우동2로32번길 43-11,다세대,1993,철근콘크리트구조,61.82,324.29,1269.89,558.58
69,부산광역시 해운대구 우동 374-1,우동1로85번길 28-13,단독주택,1969,벽돌구조,,36.69,36.69,116.0
70,부산광역시 해운대구 우동 1087-58,해운대로391번길 11-10,단독주택,1985,블록구조,,12.495,12.495,13.0
71,부산광역시 해운대구 중동 1333-2,좌동순환로8번길 45-8,단독주택,1975,블록구조,,65.94,65.94,126.0
72,부산광역시 해운대구 우동 1087-41,해운대로391번길 11-34,단독주택,1971,블록구조,,34.71,34.71,46.0
73,부산광역시 해운대구 우동 241-12,우동2로32번길 55-4,다가구주택,1991,벽돌구조,,69.2,130.58,116.0
74,부산광역시 해운대구 우동 391-29,우동2로60번길 17,다가구주택,1994,철근콘크리트구조,,116.52,286.4,588.0
75,부산광역시 해운대구 우동 251-5,우동2로30번길 69-5,단독주택,1969,블록구조,,49.59,49.59,136.0
76,부산광역시 해운대구 우동 210-21,우동3로11번가길 21,단독주택,1979,블록구조,,64.72,64.72,132.0
77,부산광역시 해운대구 우동 251-13,우동2로30번길 77-6,다세대,1997,기타조적구조,54.24,80.75,195.36,155.0
78,부산광역시 해운대구 우동 267-20,우동3로11번길 30-13,단독주택,1982,블록구조,,72.83,72.83,126.0
79,부산광역시 해운대구 우동 258-2,우동3로11번가길 36,단독주택,1978,블록구조,,56.62,56.62,101.0
80,부산광역시 해운대구 우동 264-1,우동3로11번가길 51,단독주택,1973,블록구조,,62.99,111.05,136.0
81,부산광역시 해운대구 우동 265-17,우동2로30번길 106,다가구주택,1988,벽돌구조,,112.27,198.91,296.0
82,부산광역시 해운대구 우동 1214-11,해운대로 327,단독주택,1980,블록구조,,49.59,49.59,70.0
83,부산광역시 해운대구 우동 1215-8,해운대로 329-3,단독주택,1977,블록구조,,50.98,75.61,109.0
84,부산광역시 해운대구 우동 1215-14,해운대로 329-5,단독주택,1975,벽돌구조,,65.97,98.03,126.0
85,부산광역시 해운대구 우동 1207-8,해운대로295번길 50,단독주택,1975,블록구조,,51.13,51.13,238.0
86,부산광역시 해운대구 우동 1209-1,해운대로295번길 67-13,단독주택,1979,블록구조,,62.11,62.11,110.0
87,부산광역시 해운대구 우동 1206,해운대로295번가길 12-3,단독주택,1978,블록구조,,69.87,105.27,142.0
88,부산광역시 해운대구 우동 1209-39,해운대로295번길 49-12,다가구주택,1989,벽돌구조,,65.49,122.67,114.0
89,부산광역시 해운대구 우동 1204-6,해운대로295번길 43-3,단독주택,1978,시멘트블럭조,,0.0,128.27,177.0
90,부산광역시 해운대구 우동 1202-8,해운대로295번길 31-4,연립,1979,블록구조,46.91,333.54,737.23,609.0
91,부산광역시 해운대구 우동 1200-7,해운대로295번길 21,단독주택,1974,블록구조,,50.57,50.57,76.0
92,부산광역시 해운대구 우동 1200-3,해운대로295번길 17-1,단독주택,1993,기타조적구조,,65.1,120.3,109.0
93,부산광역시 해운대구 우동 1108-28,해운대로383번길 162-5,단독주택,1985,블록구조,,39.0,39.0,76.0
94,부산광역시 해운대구 재송동 557-4,해운대로 197-27,단독주택,1977,블록구조,,50.93,50.93,99.0
95,부산광역시 해운대구 재송동 548,해운대로191번길 27,단독주택,1981,벽돌구조,,104.46,136.89,320.0
96,부산광역시 해운대구 재송동 546-5,해운대로191번길 31-4,단독주택,1977,블록구조,,60.2,60.2,103.0
97,부산광역시 해운대구 재송동 546-6,해운대로191번길 33,단독주택,1977,블록구조,,63.2,63.2,119.0
98,부산광역시 해운대구 송정동 159-16,송정중앙로6번길 76,단독주택,1978,블록구조,,72.11,72.11,141.0
99,부산광역시 해운대구 재송동 422,재반로11번길 68-5,단독주택,1984,블록구조,,44.81,44.81,63.0
100,부산광역시 해운대구 재송동 421,재반로11번길 68-7,단독주택,1975,블록구조,,35.29,35.29,278.0
101,부산광역시 해운대구 재송동 530-1,재반로27번길 30-5,단독주택,1973,블록구조,,41.32,41.32,112.0
102,부산광역시 해운대구 송정동 299-16,송정중앙로8번길 51-13,단독주택,1970,블록구조,,41.98,41.98,162.0
103,부산광역시 해운대구 재송동 491-3,재반로 49-26,단독주택,1985,블록구조,,36.0,36.0,60.0
104,부산광역시 해운대구 송정동 194-5,송정중앙로33번길 35,다가구주택,1991,벽돌구조,,93.06,164.88,156.0
105,부산광역시 해운대구 재송동 151-3,재반로64번길 36-6,다가구주택,1989,벽돌구조,,78.35,131.97,135.0
106,부산광역시 해운대구 재송동 1119-40,재반로64번가길 32-1,단독주택,1988,벽돌구조,,109.44,196.71,217.1
107,부산광역시 해운대구 송정동 192-1,송정중앙로15번길 42,다세대,1980,블록구조,62.38,184.79,444.39,665.5
108,부산광역시 해운대구 송정동 192-1,송정중앙로15번길 42,다세대,1980,블록구조,62.38,184.79,444.39,665.5
109,부산광역시 해운대구 재송동 1123-18,재반로84번길 76-8,다세대,1996,철근콘크리트구조,37.09,99.28,460.97,180.3
110,부산광역시 해운대구 재송동 1123-18,재반로84번길 76-8,다세대,1996,철근콘크리트구조,42.82,99.28,460.97,180.3
111,부산광역시 해운대구 재송동 1074-2,재송1로20번길 5,다가구주택,1985,벽돌구조,,81.24,143.97,139.6
112,부산광역시 해운대구 재송동 900-94,해운대로108번길 39,단독주택,1973,블록구조,,44.63,44.63,137.0
113,부산광역시 해운대구 재송동 210-16,재송1로 27-1,단독주택,1996,기타조적구조,,98.61,161.45,167.9
114,부산광역시 해운대구 재송동 1060-15,재반로 109-28,다가구주택,1987,벽돌구조,,53.98,93.03,93.49
115,부산광역시 해운대구 재송동 939-9,해운대로76번길 48-9,단독주택,1976,벽돌구조,,70.08,70.08,145.0
116,부산광역시 해운대구 재송동 1159-5,재송2로 196,연립,1993,철근콘크리트구조,106.23,334.88,1596.6,568.3
117,부산광역시 해운대구 재송동 1039-19,해운대로81번가길 38-16,단독주택,1991,철근콘크리트구조,,61.92,147.2,104.9
118,부산광역시 해운대구 재송동 1026-7,해운대로61번가길 50,단독주택,1988,벽돌구조,,91.62,212.88,158.0
119,부산광역시 해운대구 재송동 1026-1,재반로165번길 82,아파트,1981,철근콘크리트구조,46.94,326.68,1681.33,7156.7
120,부산광역시 해운대구 재송동 1026-1,재반로165번길 82,아파트,1981,철근콘크리트구조,43.9,411.24,2099.51,7156.7
121,부산광역시 해운대구 재송동 1026-1,재반로165번길 82,아파트,1981,철근콘크리트구조,43.9,411.24,2229.42,7156.7
122,부산광역시 해운대구 재송동 1026-1,재반로165번길 82,아파트,1981,철근콘크리트구조,46.94,435.57,2273.72,7156.7
123,부산광역시 해운대구 재송동 1026-1,재반로165번길 82,아파트,1981,철근콘크리트구조,46.94,435.57,2273.72,7156.7
124,부산광역시 해운대구 재송동 1026-1,재반로165번길 82,아파트,1981,철근콘크리트구조,46.94,435.57,2273.72,7156.7
125,부산광역시 해운대구 재송동 1026-1,재반로165번길 82,아파트,1981,철근콘크리트구조,43.9,308.43,1585.45,7156.7
126,부산광역시 해운대구 재송동 1026-1,재반로165번길 82,아파트,1981,철근콘크리트구조,46.94,326.68,1681.33,7156.7
127,부산광역시 해운대구 재송동 1026-1,재반로165번길 82,아파트,1981,철근콘크리트구조,43.9,411.24,2099.51,7156.7
128,부산광역시 해운대구 재송동 1026-1,재반로165번길 82,아파트,1981,철근콘크리트구조,43.9,411.24,2099.51,7156.7
129,부산광역시 해운대구 재송동 1026-1,재반로165번길 82,아파트,1981,철근콘크리트구조,43.9,411.24,2229.42,7156.7
130,부산광역시 해운대구 재송동 1026-1,재반로165번길 82,아파트,1981,철근콘크리트구조,43.9,411.24,2229.42,7156.7
131,부산광역시 해운대구 재송동 1026-1,재반로165번길 82,아파트,1981,철근콘크리트구조,43.9,411.24,2229.42,7156.7
132,부산광역시 해운대구 재송동 1026-1,재반로165번길 82,아파트,1981,철근콘크리트구조,46.94,326.68,1681.33,7156.7
133,부산광역시 해운대구 재송동 1026-1,재반로165번길 82,아파트,1981,철근콘크리트구조,43.9,308.43,1585.45,7156.7
134,부산광역시 해운대구 재송동 1152-36,재송2로 53,다세대,1992,철근콘크리트구조,41.16,104.06,535.18,174.6
135,부산광역시 해운대구 재송동 179-40,해운대로61번길 36,단독주택,1974,철근콘크리트구조,,39.67,39.67,2000.0
136,부산광역시 해운대구 재송동 1150-5,재반로 182,연립,1981,철근콘크리트구조,42.12,285.09,997.3,1956.8
137,부산광역시 해운대구 재송동 1150-5,재반로 182,연립,1981,철근콘크리트구조,42.12,285.09,997.3,1956.8
138,부산광역시 해운대구 재송동 1167,재송2로89번길 21,다세대,1993,철근콘크리트구조,53.07,128.71,618.05,214.9
139,부산광역시 해운대구 반여동 1480-5,반여로 12,단독주택,1977,블록구조,,103.8,193.29,248.0
140,부산광역시 해운대구 재송동 1030,해운대로61번길 62-7,아파트,1980,철근콘크리트구조,40.13,459.17,2339.49,7662.7
141,부산광역시 해운대구 재송동 1030,해운대로61번길 62-7,아파트,1980,철근콘크리트구조,40.13,459.17,2339.49,7662.7
142,부산광역시 해운대구 재송동 1030,해운대로61번길 62-7,아파트,1980,철근콘크리트구조,40.13,459.17,2339.49,7662.7
143,부산광역시 해운대구 재송동 1030,해운대로61번길 62-7,아파트,1980,철근콘크리트구조,40.13,367.34,1880.34,7662.7
144,부산광역시 해운대구 재송동 1030,해운대로61번길 62-7,아파트,1980,철근콘크리트구조,40.13,367.34,1880.34,7662.7
145,부산광역시 해운대구 재송동 1030,해운대로61번길 62-7,아파트,1980,철근콘크리트구조,40.13,459.17,2339.49,7662.7
146,부산광역시 해운대구 재송동 1030,해운대로61번길 62-7,아파트,1980,철근콘크리트구조,40.13,459.17,2339.49,7662.7
147,부산광역시 해운대구 재송동 1030,해운대로61번길 62-7,아파트,1980,철근콘크리트구조,40.13,459.17,2339.49,7662.7
148,부산광역시 해운대구 재송동 1030,해운대로61번길 62-7,아파트,1980,철근콘크리트구조,40.13,459.17,2339.49,7662.7
149,부산광역시 해운대구 재송동 1030,해운대로61번길 62-7,아파트,1980,철근콘크리트구조,40.13,275.5,1421.14,7662.7
150,부산광역시 해운대구 재송동 1030,해운대로61번길 62-7,아파트,1980,철근콘크리트구조,40.13,367.34,1880.34,7662.7
151,부산광역시 해운대구 재송동 1030,해운대로61번길 62-7,아파트,1980,철근콘크리트구조,40.13,459.17,2339.49,7662.7
152,부산광역시 해운대구 재송동 1030,해운대로61번길 62-7,아파트,1980,철근콘크리트구조,40.13,459.17,2339.49,7662.7
153,부산광역시 해운대구 재송동 1030,해운대로61번길 62-7,아파트,1980,철근콘크리트구조,40.13,459.17,2339.49,7662.7
154,부산광역시 해운대구 재송동 1030,해운대로61번길 62-7,아파트,1980,철근콘크리트구조,40.13,459.17,2339.49,7662.7
155,부산광역시 해운대구 재송동 1030,해운대로61번길 62-7,아파트,1980,철근콘크리트구조,40.13,459.17,2339.49,7662.7
156,부산광역시 해운대구 재송동 1030,해운대로61번길 62-7,아파트,1980,철근콘크리트구조,40.13,275.5,1421.14,7662.7
157,부산광역시 해운대구 재송동 1030,해운대로61번길 62-7,아파트,1980,철근콘크리트구조,40.13,275.5,1421.14,7662.7
158,부산광역시 해운대구 재송동 1030,해운대로61번길 62-7,아파트,1980,철근콘크리트구조,40.13,275.5,1421.14,7662.7
159,부산광역시 해운대구 재송동 1030,해운대로61번길 62-7,아파트,1980,철근콘크리트구조,40.13,275.5,1421.14,7662.7
160,부산광역시 해운대구 재송동 1030,해운대로61번길 62-7,아파트,1980,철근콘크리트구조,40.13,459.17,2339.49,7662.7
161,부산광역시 해운대구 재송동 1030,해운대로61번길 62-7,아파트,1980,철근콘크리트구조,40.13,459.17,2339.49,7662.7
162,부산광역시 해운대구 재송동 1030,해운대로61번길 62-7,아파트,1980,철근콘크리트구조,40.13,459.17,2339.49,7662.7
163,부산광역시 해운대구 재송동 1030,해운대로61번길 62-7,아파트,1980,철근콘크리트구조,40.13,367.34,1880.34,7662.7
164,부산광역시 해운대구 재송동 1030,해운대로61번길 62-7,아파트,1980,철근콘크리트구조,40.13,367.34,1880.34,7662.7
165,부산광역시 해운대구 재송동 1030,해운대로61번길 62-7,아파트,1980,철근콘크리트구조,40.13,459.17,2339.49,7662.7
166,부산광역시 해운대구 재송동 1030,해운대로61번길 62-7,아파트,1980,철근콘크리트구조,40.13,459.17,2339.49,7662.7
167,부산광역시 해운대구 재송동 1030,해운대로61번길 62-7,아파트,1980,철근콘크리트구조,40.13,459.17,2339.49,7662.7
168,부산광역시 해운대구 재송동 1030,해운대로61번길 62-7,아파트,1980,철근콘크리트구조,40.13,275.5,1421.14,7662.7
169,부산광역시 해운대구 재송동 1030,해운대로61번길 62-7,아파트,1980,철근콘크리트구조,40.13,367.34,1880.34,7662.7
170,부산광역시 해운대구 재송동 1030,해운대로61번길 62-7,아파트,1980,철근콘크리트구조,40.13,367.34,1880.34,7662.7
171,부산광역시 해운대구 재송동 1030,해운대로61번길 62-7,아파트,1980,철근콘크리트구조,40.13,459.17,2339.49,7662.7
172,부산광역시 해운대구 재송동 1030,해운대로61번길 62-7,아파트,1980,철근콘크리트구조,40.13,459.17,2339.49,7662.7
173,부산광역시 해운대구 재송동 1030,해운대로61번길 62-7,아파트,1980,철근콘크리트구조,40.13,459.17,2339.49,7662.7
174,부산광역시 해운대구 재송동 1030,해운대로61번길 62-7,아파트,1980,철근콘크리트구조,40.13,459.17,2339.49,7662.7
175,부산광역시 해운대구 재송동 1030,해운대로61번길 62-7,아파트,1980,철근콘크리트구조,40.13,459.17,2339.49,7662.7
176,부산광역시 해운대구 재송동 1030,해운대로61번길 62-7,아파트,1980,철근콘크리트구조,40.13,459.17,2339.49,7662.7
177,부산광역시 해운대구 재송동 1030,해운대로61번길 62-7,아파트,1980,철근콘크리트구조,40.13,459.17,2339.49,7662.7
178,부산광역시 해운대구 재송동 1030,해운대로61번길 62-7,아파트,1980,철근콘크리트구조,40.13,459.17,2339.49,7662.7
179,부산광역시 해운대구 재송동 1030,해운대로61번길 62-7,아파트,1980,철근콘크리트구조,40.13,459.17,2339.49,7662.7
180,부산광역시 해운대구 재송동 1030,해운대로61번길 62-7,아파트,1980,철근콘크리트구조,40.13,459.17,2339.49,7662.7
181,부산광역시 해운대구 재송동 1030,해운대로61번길 62-7,아파트,1980,철근콘크리트구조,40.13,459.17,2339.49,7662.7
182,부산광역시 해운대구 재송동 1030,해운대로61번길 62-7,아파트,1980,철근콘크리트구조,40.13,459.17,2339.49,7662.7
183,부산광역시 해운대구 재송동 1030,해운대로61번길 62-7,아파트,1980,철근콘크리트구조,40.13,367.34,1880.34,7662.7
184,부산광역시 해운대구 재송동 1030,해운대로61번길 62-7,아파트,1980,철근콘크리트구조,40.13,367.34,1880.34,7662.7
185,부산광역시 해운대구 재송동 1030,해운대로61번길 62-7,아파트,1980,철근콘크리트구조,40.13,367.34,1880.34,7662.7
186,부산광역시 해운대구 재송동 1030,해운대로61번길 62-7,아파트,1980,철근콘크리트구조,40.13,459.17,2339.49,7662.7
187,부산광역시 해운대구 재송동 1030,해운대로61번길 62-7,아파트,1980,철근콘크리트구조,40.13,459.17,2339.49,7662.7
188,부산광역시 해운대구 재송동 1030,해운대로61번길 62-7,아파트,1980,철근콘크리트구조,40.13,459.17,2339.49,7662.7
189,부산광역시 해운대구 재송동 1030,해운대로61번길 62-7,아파트,1980,철근콘크리트구조,40.13,459.17,2339.49,7662.7
190,부산광역시 해운대구 재송동 1030,해운대로61번길 62-7,아파트,1980,철근콘크리트구조,40.13,459.17,2339.49,7662.7
191,부산광역시 해운대구 재송동 1030,해운대로61번길 62-7,아파트,1980,철근콘크리트구조,40.13,459.17,2339.49,7662.7
192,부산광역시 해운대구 재송동 1030,해운대로61번길 62-7,아파트,1980,철근콘크리트구조,40.13,459.17,2339.49,7662.7
193,부산광역시 해운대구 재송동 1030,해운대로61번길 62-7,아파트,1980,철근콘크리트구조,40.13,459.17,2339.49,7662.7
194,부산광역시 해운대구 재송동 1030,해운대로61번길 62-7,아파트,1980,철근콘크리트구조,40.13,459.17,2339.49,7662.7
195,부산광역시 해운대구 재송동 1030,해운대로61번길 62-7,아파트,1980,철근콘크리트구조,40.13,459.17,2339.49,7662.7
196,부산광역시 해운대구 재송동 1030,해운대로61번길 62-7,아파트,1980,철근콘크리트구조,40.13,367.34,1880.34,7662.7
197,부산광역시 해운대구 재송동 1030,해운대로61번길 62-7,아파트,1980,철근콘크리트구조,40.13,367.34,1880.34,7662.7
198,부산광역시 해운대구 반여동 1291-974,재반로196번길 22-34,단독주택,1973,시멘트블럭조,,0.0,26.45,112.0
199,부산광역시 해운대구 반여동 1291-1180,해운대로61번길 84-50,다세대,1997,기타조적구조,35.8,85.63,338.39,106.0
200,부산광역시 해운대구 반여동 1291-1115,해운대로61번길 92-29,다세대,1994,철근콘크리트구조,42.18,97.5,415.26,116.0
201,부산광역시 해운대구 반여동 1291-1095,해운대로61번길 96-25,다세대,1993,철근콘크리트구조,37.035,98.8,443.96,116.0
202,부산광역시 해운대구 반여동 1291-1095,해운대로61번길 96-25,다세대,1993,철근콘크리트구조,37.035,98.8,443.96,116.0
203,부산광역시 해운대구 반여동 1291-1211,해운대로61번길 72-25,단독주택,1983,블록구조,,56.44,109.12,96.0
204,부산광역시 해운대구 반여동 1477-1,선수촌로21번길 31,아파트,1979,철근콘크리트구조,65.16,4123.64,22903.16,32359.0
205,부산광역시 해운대구 반여동 1291-699,재반로196번길 21-18,다세대,1996,기타조적구조,39.11,90.52,357.7,102.0
206,부산광역시 해운대구 반여동 1291-1368,해운대로61번길 107-10,다세대,1995,철근콘크리트구조,46.17,102.24,477.36,117.0
207,부산광역시 해운대구 반여동 1291-775,재반로196번길 7-18,다세대,1995,기타조적구조,36.8,97.28,459.24,116.0
208,부산광역시 해운대구 반여동 1291-693,재반로196번길 21-34,다세대,1994,기타조적구조,37.19,86.62,385.14,106.0
209,부산광역시 해운대구 반여동 1291-1366,해운대로61번길 107-18,다세대,1995,기타조적구조,39.18,104.34,468.06,117.0
210,부산광역시 해운대구 반여동 1329-10,반여로 33-1,단독주택,1982,블록구조,,32.54,62.99,43.0
211,부산광역시 해운대구 반여동 1291-721,재반로196번길 13-58,다세대,1994,기타조적구조,43.05,96.0,453.92,109.0
212,부산광역시 해운대구 반여동 1329-13,반여로27번길 2-42,다가구주택,1990,벽돌구조,,39.36,76.29,81.0
213,부산광역시 해운대구 반여동 1291-870,해운대로61번길 103-53,다세대,1994,기타조적구조,42.84,42.84,169.32,54.5
214,부산광역시 해운대구 반여동 1351,반여로27번길 22-3,단독주택,1973,시멘트블럭조,,0.0,127.93,212.0
215,부산광역시 해운대구 반여동 1330-27,반여로41번길 7,단독주택,1978,블록구조,,75.96,75.96,278.0
216,부산광역시 해운대구 반여동 1291-823,해운대로61번길 107-66,다세대,1995,기타조적구조,37.46,91.88,413.67,109.0
217,부산광역시 해운대구 반여동 1291-749,재반로196번길 7-84,다가구주택,1992,기타조적구조,,42.39,162.88,56.0
218,부산광역시 해운대구 반여동 1291-709,재반로196번길 13-86,다세대,1993,철근콘크리트구조,41.42,92.3,409.18,109.0
219,부산광역시 해운대구 송정동 84-3,송정2로23번길 42,다세대,2002,철근콘크리트구조,76.17,171.56,659.28,351.1
220,부산광역시 해운대구 반여동 1291-581,재반로211번길 16-46,다세대,1995,기타조적구조,44.99,95.36,449.56,109.0
221,부산광역시 해운대구 반여동 1291-655,재반로211번길 28-42,다세대,1995,기타조적구조,50.84,112.48,445.48,132.0
222,부산광역시 해운대구 반여동 1291-409,재반로212번길 21-74,다세대,1994,철근콘크리트구조,40.825,95.36,376.97,116.0
223,부산광역시 해운대구 반여동 1291-609,재반로211번길 22-66,다세대,1995,기타조적구조,38.9,87.04,344.08,106.0
224,부산광역시 해운대구 반여동 1291-570,재반로211번길 8-77,다세대,1994,기타조적구조,39.81,88.2,348.6,109.0
225,부산광역시 해운대구 반여동 1291-510,재반로212번길 7-81,다세대,1997,기타조적구조,41.07,90.72,358.56,109.0
226,부산광역시 해운대구 반여동 1291-641,재반로211번길 22-77,다세대,1996,기타조적구조,39.45,47.25,186.75,56.0
227,부산광역시 해운대구 반여동 1291-128,재반로226번길 33-2,다세대,1994,기타조적구조,38.43,89.46,353.58,112.8
228,부산광역시 해운대구 반여동 1291-128,재반로226번길 33-2,다세대,1994,기타조적구조,38.43,89.46,353.58,112.8
229,부산광역시 해운대구 반여동 1291-194,재반로226번길 13-17,다세대,1996,기타조적구조,40.03,92.61,366.03,112.0
230,부산광역시 해운대구 반여동 1291-252,재반로225번길 8-18,다세대,1994,기타조적구조,42.84,94.5,373.5,119.0
231,부산광역시 해운대구 반여동 1291-281,재반로225번길 16-30,다세대,1994,기타조적구조,42.21,43.51,169.46,64.5
232,부산광역시 해운대구 반여동 1291-361,재반로225번길 28-32,다세대,1994,기타조적구조,40.87,42.21,167.5,53.0
233,부산광역시 해운대구 반여동 1291-361,재반로225번길 28-32,다세대,1994,기타조적구조,42.21,42.21,167.5,53.0
234,부산광역시 해운대구 반여동 1291-64,재반로226번길 45-9,다세대,1994,기타조적구조,45.36,50.02,197.62,66.0
235,부산광역시 해운대구 반여동 1291-1421,재반로226번길 51,다세대,1995,기타조적구조,36.44,99.22,458.08,116.0
236,부산광역시 해운대구 반여동 1291-1421,재반로226번길 51,다세대,1995,기타조적구조,41.485,99.22,458.08,116.0
237,부산광역시 해운대구 반여동 1291-1421,재반로226번길 51,다세대,1995,기타조적구조,41.485,99.22,458.08,116.0
238,부산광역시 해운대구 반여동 1291-393,재반로225번길 36-34,다세대,1994,기타조적구조,40.282,89.15,352.34,120.0
239,부산광역시 해운대구 반여동 1291-389,재반로225번길 36-42,다세대,1994,기타조적구조,38.8,89.6,354.2,102.0
240,부산광역시 해운대구 반여동 1291-389,재반로225번길 36-42,다세대,1994,기타조적구조,38.8,89.6,354.2,102.0
241,부산광역시 해운대구 반여동 1291-343,재반로225번길 28-62,다세대,1994,기타조적구조,37.17,46.26,177.18,53.0
242,부산광역시 해운대구 반여동 1291-338,재반로225번길 22-73,다세대,1994,기타조적구조,37.44,88.2,348.6,112.0
243,부산광역시 해운대구 반여동 1612-19,재반로241번길 22-37,다세대,1996,기타조적구조,45.53,100.74,398.82,129.0
244,부산광역시 해운대구 반여동 1596-10,재반로242번길 21-66,다세대,1995,기타조적구조,45.84,102.24,404.7,119.0
245,부산광역시 해운대구 반여동 1596-8,재반로242번길 21-70,다세대,1994,기타조적구조,43.68,100.8,399.0,119.0
246,부산광역시 해운대구 반여동 1588-29,재반로256번길 57-9,다세대,1993,기타조적구조,45.335,101.47,401.71,122.0
247,부산광역시 해운대구 반여동 1591-27,재반로256번길 37-9,다세대,1995,기타조적구조,48.66,108.04,427.78,132.0
248,부산광역시 해운대구 반여동 1591-27,재반로256번길 37-9,다세대,1995,기타조적구조,50.14,108.04,427.78,132.0
249,부산광역시 해운대구 반여동 1591-19,재반로256번길 37-29,다세대,1995,기타조적구조,48.73,107.8,427.0,129.0
250,부산광역시 해운대구 반여동 1588-15,재반로256번길 57-51,다세대,1995,기타조적구조,44.14,54.1,209.59,66.0
251,부산광역시 해운대구 반여동 1441-90,선수촌로 79-1,단독주택,1972,블록구조,,42.98,42.98,142.0
252,부산광역시 해운대구 반여동 1588-6,재반로256번길 51-82,다세대,1995,기타조적구조,49.84,110.2,436.45,129.0
253,부산광역시 해운대구 반여동 1582-12,재반로270번길 51-10,다세대,1994,기타조적구조,46.39,103.66,413.22,126.0
254,부산광역시 해운대구 반여동 1583-12,,다세대,1995,기타조적구조,52.73,55.66,214.61,63.0
255,부산광역시 해운대구 반여동 1583-3,재반로270번길 51-33,다세대,1994,철근콘크리트구조,48.785,107.92,427.42,132.0
256,부산광역시 해운대구 반여동 1583-1,재반로270번길 51-37,다세대,1994,기타조적구조,49.56,109.2,537.6,129.0
257,부산광역시 해운대구 반여동 1579-12,재반로270번길 51-49,다세대,1997,철근콘크리트구조,55.31,122.05,488.2,136.0
258,부산광역시 해운대구 반여동 1578-11,재반로270번길 51-74,다세대,1994,기타조적구조,50.04,110.16,436.32,132.0
259,부산광역시 해운대구 반여동 1576-5,재반로270번길 57-108,다세대,1996,벽돌구조,46.56,56.24,222.74,63.0
260,부산광역시 해운대구 반여동 1576-5,재반로270번길 57-108,다세대,1996,벽돌구조,46.56,56.24,222.74,63.0
261,부산광역시 해운대구 반여동 1576-5,재반로270번길 57-108,다세대,1996,벽돌구조,46.56,56.24,222.74,63.0
262,부산광역시 해운대구 반여동 1575-31,재반로270번길 57-110,다세대,1994,기타조적구조,49.01,110.96,439.46,127.0
263,부산광역시 해운대구 반여동 1575-27,재반로282번길 80,다세대,1993,기타조적구조,44.33,52.56,208.05,61.5
264,부산광역시 해운대구 반여동 1017-5,반여로155번길 35-53,단독주택,1980,블록구조,,81.62,81.62,151.0
265,부산광역시 해운대구 반여동 938-3,반여로167번길 40-7,단독주택,1973,블록구조,,49.58,49.58,132.0
266,부산광역시 해운대구 반여동 981-2,반여로155번가길 57,단독주택,1971,블록구조,,42.98,42.98,210.0
267,부산광역시 해운대구 반여동 868,반여로185번길 82,단독주택,1976,블록구조,,66.12,120.33,136.0
268,부산광역시 해운대구 반여동 676-2,삼어로133번길 34-19,단독주택,1974,블록구조,,51.9,51.9,175.0
269,부산광역시 해운대구 반여동 647,삼어로133번가길 19-16,단독주택,1948,목조,,0.0,76.0,339.0
270,부산광역시 해운대구 반여동 650-2,삼어로133번가길 19-26,다가구주택,1982,블록구조,,32.56,63.74,41.0
271,부산광역시 해운대구 반여동 735-37,선수촌로207번나길 20-7,단독주택,1985,벽돌구조,,81.33,81.33,140.0
272,부산광역시 해운대구 반여동 809-7,선수촌로 203-2,단독주택,1974,블록구조,,65.7,65.7,182.0
273,부산광역시 해운대구 반여동 143-11,선수촌로208번가길 35-3,단독주택,1991,벽돌구조,,0.0,222.72,143.0
274,부산광역시 해운대구 반여동 114-1,선수촌로208번가길 69-12,단독주택,1985,벽돌구조,,142.895,243.175,246.0
275,부산광역시 해운대구 반여동 239-1,선수촌로208번길 98-3,단독주택,1988,블록구조,,103.92,185.405,180.0
276,부산광역시 해운대구 반여동 245,선수촌로208번길 98-31,단독주택,1969,블록구조,,132.45,156.93,274.0
277,부산광역시 해운대구 반여동 119-5,선수촌로208번길 124-6,단독주택,1969,블록구조,,36.36,36.36,106.0
278,부산광역시 해운대구 석대동 492-1,반송로 565-18,단독주택,1985,시멘트블럭조,,0.0,52.8,195.0
279,부산광역시 해운대구 반송동 250-2299,아랫반송로90번길 11-19,단독주택,1993,기타조적구조,,29.04,87.12,36.5
280,부산광역시 해운대구 반송동 250-2331,아랫반송로90번길 19-6,단독주택,1984,블록구조,,25.74,25.74,25.0
281,부산광역시 해운대구 반송동 250-2281,아랫반송로90번길 5-13,단독주택,1977,블록구조,,33.84,33.84,43.0
282,부산광역시 해운대구 반송동 250-2015,아랫반송로80번길 31-20,단독주택,1978,블록구조,,35.86,35.86,46.0
283,부산광역시 해운대구 반송동 250-2572,아랫반송로70번길 63-18,단독주택,1977,블록구조,,20.0,20.0,27.0
284,부산광역시 해운대구 석대동 243-2,반송로607번길 3-10,단독주택,1974,시멘트블럭조,,0.0,84.31,486.0
285,부산광역시 해운대구 반송동 250-2579,아랫반송로70번길 63-17,단독주택,1977,블록구조,,31.24,31.24,48.0
286,부산광역시 해운대구 반송동 250-2116,아랫반송로80번길 11-21,단독주택,1979,블록구조,,30.0,30.0,46.0
287,부산광역시 해운대구 반송동 250-2162,아랫반송로90번길 4,단독주택,1980,블록구조,,30.0,30.0,46.0
288,부산광역시 해운대구 반송동 250-2576,아랫반송로70번길 63-9,단독주택,1977,블록구조,,39.44,39.44,48.0
289,부산광역시 해운대구 반송동 250-2158,아랫반송로80번길 5-21,단독주택,1974,블록구조,,19.2,19.2,46.0
290,부산광역시 해운대구 반송동 250-2156,아랫반송로 86-1,단독주택,1985,블록구조,,40.0,40.0,46.0
291,부산광역시 해운대구 반송동 250-1884,아랫반송로70번길 37-21,다세대,1995,기타조적구조,36.85,83.16,332.64,93.0
292,부산광역시 해운대구 반송동 250-1884,아랫반송로70번길 37-21,다세대,1995,기타조적구조,36.85,83.16,332.64,93.0
293,부산광역시 해운대구 반송동 250-2153,아랫반송로80번길 5-15,단독주택,1980,블록구조,,42.32,42.32,46.0
294,부산광역시 해운대구 반송동 250-2150,아랫반송로80번길 5-13,단독주택,1974,블록구조,,25.76,25.76,46.0
295,부산광역시 해운대구 반송동 250-2559,아랫반송로70번길 57-4,단독주택,1980,블록구조,,36.7,36.7,53.0
296,부산광역시 해운대구 반송동 250-1954,아랫반송로70번길 49-11,단독주택,1992,벽돌구조,,23.76,65.88,27.0
297,부산광역시 해운대구 반송동 250-2146,아랫반송로80번길 5-9,단독주택,1985,블록구조,,20.36,20.36,46.0
298,부산광역시 해운대구 반송동 250-2133,아랫반송로80번길 5-6,다가구주택,1998,기타조적구조,,41.275,100.31,46.0
299,부산광역시 해운대구 반송동 250-1894,아랫반송로70번길 31-14,단독주택,1982,블록구조,,34.94,67.59,46.0
300,부산광역시 해운대구 반송동 250-2414,아랫반송로79번길 10-14,다세대,1996,철근콘크리트구조,37.585,85.73,342.92,97.0
301,부산광역시 해운대구 반송동 250-1897,아랫반송로70번길 31-12,단독주택,1970,블록구조,,32.64,32.64,46.0
302,부산광역시 해운대구 반송동 250-2403,아랫반송로70번길 19-23,단독주택,1994,철근콘크리트구조,,132.0,451.84,150.0
303,부산광역시 해운대구 반송동 250-1221,아랫반송로70번길 46,단독주택,1974,블록구조,,18.56,18.56,18.0
304,부산광역시 해운대구 반송동 250-1220,아랫반송로60번길 43-28,단독주택,1977,블록구조,,23.3,23.3,29.0
305,부산광역시 해운대구 반송동 250-1858,아랫반송로70번길 31-3,단독주택,1985,블록구조,,76.9,76.9,46.0
306,부산광역시 해운대구 반송동 250-1803,아랫반송로70번길 11-15,다가구주택,1980,블록구조,,34.45,34.45,50.0
307,부산광역시 해운대구 반송동 250-2395,아랫반송로70번길 11-16,단독주택,1981,블록구조,,29.26,51.94,36.0
308,부산광역시 해운대구 반송동 250-2676,아랫반송로70번길 19-8,다가구주택,1992,벽돌구조,,26.68,53.36,30.0
309,부산광역시 해운대구 반송동 744-160,아랫반송로50번길 91-24,단독주택,1977,블록구조,,55.5,55.5,67.0
310,부산광역시 해운대구 반송동 250-1740,아랫반송로79번길 7,단독주택,1977,블록구조,,42.21,67.49,46.0
311,부산광역시 해운대구 반송동 250-1208,아랫반송로60번길 43-16,단독주택,1976,블록구조,,31.4,31.4,50.0
312,부산광역시 해운대구 반송동 250-1191,아랫반송로60번길 49-10,단독주택,1973,블록구조,,28.8,28.8,36.0
313,부산광역시 해운대구 반송동 250-1283,아랫반송로70번길 28,다세대,1996,철근콘크리트구조,39.94,89.78,359.12,100.0
314,부산광역시 해운대구 반송동 250-1205,아랫반송로60번길 49-11,다세대,1992,벽돌구조,35.32,43.56,174.24,50.0
315,부산광역시 해운대구 반송동 250-1192,아랫반송로60번길 49-8,단독주택,1973,블록구조,,32.31,32.31,50.0
316,부산광역시 해운대구 반송동 250-1243,아랫반송로60번길 37-12,단독주택,1985,블록구조,,40.97,40.97,66.0
317,부산광역시 해운대구 반송동 250-1269,아랫반송로60번길 31-16,다가구주택,2001,기타조적구조,,44.22,120.36,50.0
318,부산광역시 해운대구 반송동 250-1816,아랫반송로70번길 5-4,단독주택,1983,블록구조,,33.51,62.4,50.0
319,부산광역시 해운대구 반송동 250-1152,아랫반송로50번길 75-3,단독주택,1985,블록구조,,54.0,54.0,304.0
320,부산광역시 해운대구 반송동 744-126,아랫반송로30번길 146-6,단독주택,2001,철근콘크리트구조,,37.26,74.52,42.0
321,부산광역시 해운대구 반송동 250-2373,아랫반송로60번길 19-13,다가구주택,1991,벽돌구조,,35.84,107.52,43.0
322,부산광역시 해운대구 반송동 744-118,아랫반송로30번길 146-10,다가구주택,1991,벽돌구조,,24.19,72.57,28.0
323,부산광역시 해운대구 반송동 250-1040,아랫반송로50번길 37-24,단독주택,1970,블록구조,,22.31,22.31,50.0
324,부산광역시 해운대구 반송동 250-1038,아랫반송로50번길 43-25,단독주택,1976,블록구조,,33.42,33.42,50.0
325,부산광역시 해운대구 반송동 250-1307,아랫반송로60번길 27,단독주택,1985,블록구조,,45.44,45.44,50.0
326,부산광역시 해운대구 반송동 250-1483,아랫반송로59번길 18-26,단독주택,1978,블록구조,,37.2,37.2,46.0
327,부산광역시 해운대구 반송동 744-234,아랫반송로30번길 127-6,다세대,1995,기타조적구조,31.95,71.82,287.28,81.0
328,부산광역시 해운대구 반송동 744-237,아랫반송로30번길 131-7,단독주택,1985,블록구조,,28.49,28.49,78.0
329,부산광역시 해운대구 반송동 250-1650,아랫반송로69번길 30-5,단독주택,1979,시멘트블럭조,,0.0,36.0,46.0
330,부산광역시 해운대구 반송동 250-1489,아랫반송로59번길 24-26,단독주택,1977,블록구조,,34.61,34.61,46.0
331,부산광역시 해운대구 반송동 250-954,아랫반송로50번길 25-17,단독주택,1979,블록구조,,29.2,29.2,40.0
332,부산광역시 해운대구 반송동 250-1534,아랫반송로59번길 24-25,단독주택,1980,블록구조,,29.74,29.74,46.0
333,부산광역시 해운대구 반송동 250-1013,아랫반송로50번길 37-5,단독주택,1971,블록구조,,42.98,42.98,50.0
334,부산광역시 해운대구 반송동 250-975,아랫반송로50번길 31-7,단독주택,1984,블록구조,,42.9,42.9,50.0
335,부산광역시 해운대구 반송동 250-1500,아랫반송로59번길 24-16,단독주택,1974,블록구조,,39.78,39.78,46.0
336,부산광역시 해운대구 반송동 250-1501,아랫반송로59번길 24-14,다가구주택,1977,기타조적구조,,41.28,116.88,46.0
337,부산광역시 해운대구 반송동 250-1522,아랫반송로59번길 24-13,단독주택,1979,블록구조,,31.0,31.0,46.0
338,부산광역시 해운대구 반송동 250-582,아랫반송로40번길 31-21,다세대,1999,철근콘크리트구조,38.15,87.1,348.4,100.0
339,부산광역시 해운대구 반송동 250-1566,아랫반송로59번길 38-5,다세대,1992,기타조적구조,34.87,40.26,170.94,46.0
340,부산광역시 해운대구 반송동 250-501,아랫반송로40번길 11-21,단독주택,1980,블록구조,,29.39,54.55,41.0
341,부산광역시 해운대구 반송동 250-1615,아랫반송로59번길 50-9,단독주택,1977,시멘트블럭조,,0.0,43.67,99.0
342,부산광역시 해운대구 반송동 250-704,아랫반송로49번길 38-19,단독주택,1977,블록구조,,38.94,38.94,50.0
343,부산광역시 해운대구 반송동 250-683,아랫반송로49번길 42-11,단독주택,1979,블록구조,,36.8,36.8,50.0
344,부산광역시 해운대구 반송동 250-73,아랫반송로30번길 31-8,단독주택,1977,블록구조,,46.24,46.24,50.0
345,부산광역시 해운대구 반송동 250-388,아랫반송로39번길 24-20,단독주택,1974,블록구조,,30.98,30.98,50.0
346,부산광역시 해운대구 반송동 744-69,반송로790번길 26-1,단독주택,1974,블록구조,,59.32,59.32,99.0
347,부산광역시 해운대구 반송동 250-384,아랫반송로39번길 24-16,단독주택,1977,블록구조,,33.0,33.0,50.0
348,부산광역시 해운대구 반송동 250-376,아랫반송로39번길 24-8,다세대,1992,철근콘크리트구조,46.2,89.7,350.26,100.0
349,부산광역시 해운대구 반송동 250-32,아랫반송로30번길 26-4,단독주택,1977,벽돌구조,,33.6,33.6,40.0
350,부산광역시 해운대구 반송동 744-61,아랫반송로6번길 17-15,단독주택,1973,블록구조,,45.28,45.28,106.0
351,부산광역시 해운대구 반송동 254-9,아랫반송로21번길 6-35,단독주택,1977,블록구조,,33.88,33.88,51.0
352,부산광역시 해운대구 반송동 257-92,아랫반송로21번길 24-25,단독주택,1970,블록구조,,42.98,42.98,50.0
353,부산광역시 해운대구 반송동 257-41,아랫반송로21번길 42-12,다세대,1992,철근콘크리트구조,35.54,94.52,378.08,106.0
354,부산광역시 해운대구 반송동 683-12,반송로 827,아파트,1985,철근콘크리트구조,66.24,1071.27,4460.46,7116.0
355,부산광역시 해운대구 반송동 803-38,아랫반송로21번길 88-22,다세대,1999,철근콘크리트구조,25.22,29.92,119.68,35.0
356,부산광역시 해운대구 반송동 275-525,아랫반송로21번길 88-17,단독주택,1970,블록구조,,29.93,54.94,50.0
357,부산광역시 해운대구 반송동 275-443,아랫반송로21번길 87-14,단독주택,1978,블록구조,,46.24,46.24,50.0
358,부산광역시 해운대구 반송동 275-573,아랫반송로21번길 120-20,단독주택,1986,시멘트벽돌조,,0.0,190.0,50.0
359,부산광역시 해운대구 반송동 275-606,반송순환로 213,다세대,1995,기타조적구조,37.35,92.15,356.64,103.0
360,부산광역시 해운대구 반송동 275-686,아랫반송로21번길 156-10,다가구주택,1977,블록구조,,38.98,38.98,53.0
361,부산광역시 해운대구 반송동 275-19,아랫반송로5번길 190-8,단독주택,1976,블록구조,,40.99,40.99,50.0
362,부산광역시 해운대구 반송동 216-102,윗반송로51번길 31-19,단독주택,1977,블록구조,,25.56,43.21,36.0
363,부산광역시 해운대구 반송동 311-237,윗반송로13번길 47-12,단독주택,1976,블록구조,,21.16,21.16,33.0
364,부산광역시 해운대구 반송동 311-100,윗반송로13번길 51-13,다가구주택,1992,벽돌구조,,28.56,85.68,33.0
365,부산광역시 해운대구 반송동 216-48,윗반송로51번길 37-16,단독주택,1985,블록구조,,25.88,47.94,32.0
366,부산광역시 해운대구 반송동 216-62,윗반송로51번길 37-27,단독주택,1981,블록구조,,30.15,60.3,36.0
367,부산광역시 해운대구 반송동 216-291,윗반송로51번길 43-6,단독주택,1996,벽돌구조,,28.61,37.47,33.0
368,부산광역시 해운대구 반송동 311-40,윗반송로31번길 21-3,단독주택,1980,블록구조,,22.48,22.48,36.0
369,부산광역시 해운대구 반송동 311-38,윗반송로31번길 21-7,단독주택,1974,블록구조,,31.74,31.74,36.0
370,부산광역시 해운대구 반송동 93,신반송로 194,아파트,1988,철근콘크리트구조,43.97,1867.98,10011.9,7710.0
371,부산광역시 해운대구 반송동 311-36,윗반송로31번길 21-11,단독주택,1985,블록구조,,31.0,31.0,36.0
372,부산광역시 해운대구 반송동 311-27,윗반송로31번길 21-6,단독주택,1977,블록구조,,29.9,29.9,30.0
373,부산광역시 해운대구 반송동 311-21,윗반송로31번길 27-9,단독주택,1973,시멘트블럭조,,0.0,33.0,36.0
374,부산광역시 해운대구 반송동 311-10,윗반송로31번길 27-8,단독주택,1985,블록구조,,25.9,25.9,13.0
375,부산광역시 해운대구 반송동 324-8,반송로916번길 46-1,단독주택,1977,블록구조,,81.97,81.97,136.0
376,부산광역시 해운대구 반송동 311-17,윗반송로31번길 27-15,다가구주택,1985,블록구조,,24.16,24.16,36.0
377,부산광역시 해운대구 반송동 214-11,윗반송로51번길 53-21,단독주택,1985,블록구조,,22.19,22.19,33.0
378,부산광역시 해운대구 반송동 324-17,반송로892번길 34-4,단독주택,1976,블록구조,,70.0,70.0,132.0
379,부산광역시 해운대구 반송동 62-552,윗반송로51번길 72-21,단독주택,1980,블록구조,,21.23,37.86,33.0
380,부산광역시 해운대구 반송동 62-528,윗반송로51번길 78-18,단독주택,1969,블록구조,,30.41,30.41,36.0
381,부산광역시 해운대구 반송동 356-6,반송로892번길 17-4,단독주택,1978,블록구조,,55.46,55.46,93.0
382,부산광역시 해운대구 반송동 62-527,윗반송로51번길 78-16,단독주택,1992,기타조적구조,,31.57,109.06,36.0
383,부산광역시 해운대구 반송동 62-519,윗반송로51번길 78-21,다가구주택,1985,블록구조,,23.89,44.26,30.0
384,부산광역시 해운대구 반송동 62-520,윗반송로51번길 78-19,단독주택,1977,블록구조,,24.2,24.2,32.0
385,부산광역시 해운대구 반송동 360-14,반송로892번길 17-7,다가구주택,1980,블록구조,,56.21,99.96,110.0
386,부산광역시 해운대구 반송동 40-1122,윗반송로51번길 65-25,단독주택,1982,블록구조,,36.01,59.4,52.0
387,부산광역시 해운대구 반송동 40-1107,윗반송로51번길 65-18,단독주택,1977,블록구조,,47.6,47.6,53.0
388,부산광역시 해운대구 반송동 328-16,윗반송로31번길 45-12,단독주택,1978,블록구조,,30.24,30.24,31.0
389,부산광역시 해운대구 반송동 40-1100,윗반송로51번길 65-26,단독주택,1978,블록구조,,49.6,92.6,102.0
390,부산광역시 해운대구 반송동 93-6,신반송로 194,아파트,1990,철근콘크리트구조,55.745,703.03,3282.26,9218.0
391,부산광역시 해운대구 반송동 93-6,신반송로 194,아파트,1990,철근콘크리트구조,55.745,827.0,3455.71,9218.0
392,부산광역시 해운대구 반송동 93-6,신반송로 194,아파트,1990,철근콘크리트구조,55.745,827.0,3455.71,9218.0
393,부산광역시 해운대구 반송동 93-6,신반송로 194,아파트,1990,철근콘크리트구조,55.745,703.03,3282.26,9218.0
394,부산광역시 해운대구 반송동 62-412,윗반송로51번길 104-38,다가구주택,1977,블록구조,,24.94,24.94,36.0
395,부산광역시 해운대구 반송동 646-8,반송로867번길 33-9,단독주택,1983,블록구조,,46.54,76.78,109.0
396,부산광역시 해운대구 반송동 327-6,윗반송로31번길 57-6,단독주택,1977,블록구조,,27.0,27.0,47.0
397,부산광역시 해운대구 반송동 40-754,윗반송로51번길 92-9,단독주택,1980,블록구조,,22.59,44.18,33.0
398,부산광역시 해운대구 반송동 40-743,윗반송로51번길 98-14,다가구주택,1981,블록구조,,23.1,23.1,36.0
399,부산광역시 해운대구 반송동 62-429,윗반송로51번길 98-19,단독주택,1985,블록구조,,18.63,18.63,32.0
400,부산광역시 해운대구 반송동 40-690,윗반송로51번길 91-17,단독주택,1995,기타조적구조,,29.25,87.75,33.0
401,부산광역시 해운대구 반송동 22-126,윗반송로31번길 63-14,단독주택,1973,블록구조,,40.0,68.1,69.0
402,부산광역시 해운대구 반송동 40-733,윗반송로51번길 104-6,단독주택,1981,블록구조,,34.71,34.71,35.0
403,부산광역시 해운대구 반송동 62-323,윗반송로51번길 116-32,다가구주택,1977,블록구조,,53.0,53.0,36.0
404,부산광역시 해운대구 반송동 40-632,윗반송로51번길 95-16,단독주택,1994,기타조적구조,,29.82,101.64,34.0
405,부산광역시 해운대구 반송동 40-599,윗반송로51번길 101-11,단독주택,1977,블록구조,,29.04,29.04,36.0
406,부산광역시 해운대구 반송동 331-12,반송로916번길 20,단독주택,1977,블록구조,,70.32,70.32,133.0
407,부산광역시 해운대구 반송동 62-317,윗반송로51번길 116-22,단독주택,1973,블록구조,,32.73,32.73,34.0
408,부산광역시 해운대구 반송동 40-604,윗반송로51번길 101-21,단독주택,1978,블록구조,,23.14,41.0,36.0
409,부산광역시 해운대구 반송동 62-276,윗반송로51번길 122-26,단독주택,1971,블록구조,,18.84,18.84,36.0
410,부산광역시 해운대구 반송동 332-23,반송로916번길 14-1,단독주택,1979,블록구조,,61.68,61.68,137.0
411,부산광역시 해운대구 반송동 62-255,윗반송로51번길 122-7,단독주택,1981,블록구조,,18.68,18.68,31.0
412,부산광역시 해운대구 반송동 40-510,윗반송로51번길 117-8,단독주택,1972,블록구조,,27.15,27.15,36.0
413,부산광역시 해운대구 반송동 384-7,반송로901번길 10-3,단독주택,1977,블록구조,,55.36,55.36,102.0
414,부산광역시 해운대구 반송동 641-5,운봉길 83-5,단독주택,1986,벽돌구조,,58.68,58.68,163.0
415,부산광역시 해운대구 반송동 40-475,윗반송로51번길 123-11,단독주택,1977,블록구조,,24.1,24.1,36.0
416,부산광역시 해운대구 반송동 62-187,윗반송로51번길 136-27,단독주택,1979,블록구조,,19.84,39.0,33.0
417,부산광역시 해운대구 반송동 73-9,윗반송로 91,다가구주택,1978,블록구조,,28.99,54.0,34.0
418,부산광역시 해운대구 반송동 73-10,윗반송로51번길 142-30,단독주택,1978,블록구조,,25.99,45.0,30.0
419,부산광역시 해운대구 반송동 40-502,윗반송로51번길 117-24,단독주택,1981,블록구조,,22.35,42.12,33.0
420,부산광역시 해운대구 반송동 40-467,윗반송로51번길 123-10,단독주택,1969,시멘트블럭조,,0.0,54.4,30.0
421,부산광역시 해운대구 반송동 62-152,윗반송로51번길 142-29,단독주택,1980,블록구조,,28.1,44.64,45.0
422,부산광역시 해운대구 반송동 40-481,윗반송로51번길 123-23,단독주택,1982,블록구조,,27.57,39.54,36.0
423,부산광역시 해운대구 반송동 62-153,윗반송로51번길 142-27,단독주택,1980,블록구조,,22.64,41.8,34.0
424,부산광역시 해운대구 반송동 40-482,윗반송로51번길 123-25,단독주택,1978,블록구조,,25.7,25.7,33.0
425,부산광역시 해운대구 반송동 40-463,윗반송로51번길 123-18,단독주택,1984,블록구조,,24.76,49.16,32.0
426,부산광역시 해운대구 반송동 62-156,윗반송로51번길 142-21,단독주택,1985,블록구조,,22.77,22.77,31.0
427,부산광역시 해운대구 반송동 40-460,윗반송로51번길 123-24,단독주택,1977,블록구조,,23.75,23.75,36.0
428,부산광역시 해운대구 반송동 40-424,윗반송로51번길 127-22,단독주택,1985,블록구조,,25.85,48.15,29.0
429,부산광역시 해운대구 반송동 40-450,윗반송로35번길 126,단독주택,1978,시멘트블럭조,,0.0,85.05,36.0
430,부산광역시 해운대구 반송동 40-367,윗반송로51번길 141-13,단독주택,1977,블록구조,,26.04,26.04,36.0
431,부산광역시 해운대구 반송동 62-129,윗반송로51번길 146-7,단독주택,1982,블록구조,,31.74,63.48,36.0
432,부산광역시 해운대구 반송동 22-11,윗반송로31번길 119-5,단독주택,1977,블록구조,,32.85,32.85,33.0
433,부산광역시 해운대구 반송동 62-127,윗반송로51번길 152-12,단독주택,1976,블록구조,,17.52,17.52,36.0
434,부산광역시 해운대구 반송동 22-12,윗반송로31번길 119-7,단독주택,1977,블록구조,,27.44,27.44,33.0
435,부산광역시 해운대구 반송동 18-32,윗반송로31번길 119-13,다세대,1996,철근콘크리트구조,48.14,58.48,233.92,68.0
436,부산광역시 해운대구 반송동 40-374,윗반송로51번길 141-25,단독주택,1977,블록구조,,21.05,21.05,36.0
437,부산광역시 해운대구 반송동 15-62,윗반송로31번길 119-17,단독주택,1984,블록구조,,24.58,46.99,37.0
438,부산광역시 해운대구 반송동 40-329,윗반송로51번길 145-18,단독주택,1978,블록구조,,23.8,34.0,34.0
439,부산광역시 해운대구 반송동 40-271,윗반송로51번길 157-9,다가구주택,1978,블록구조,,24.08,24.08,31.0
440,부산광역시 해운대구 반송동 62-46,윗반송로51번길 166-15,다가구주택,1993,기타조적구조,,29.7,89.1,34.0
441,부산광역시 해운대구 반송동 62-44,윗반송로51번길 170-18,다가구주택,2004,벽돌구조,,59.8,146.28,71.0
442,부산광역시 해운대구 반송동 62-37,윗반송로51번길 170-10,단독주택,1979,시멘트블럭조,,0.0,23.8,33.0
443,부산광역시 해운대구 반송동 62-36,윗반송로51번길 170-8,단독주택,1979,블록구조,,22.15,42.6,36.0
444,부산광역시 해운대구 반송동 40-280,윗반송로51번길 157-25,단독주택,1977,블록구조,,30.15,30.15,34.0
445,부산광역시 해운대구 반송동 62-22,윗반송로51번길 170-9,단독주택,1979,기타조적구조,,29.4,58.8,33.0
446,부산광역시 해운대구 반송동 40-290,윗반송로51번길 151-34,단독주택,1980,블록구조,,54.61,103.3,33.0
447,부산광역시 해운대구 반송동 40-241,윗반송로51번길 165-15,다가구주택,1978,블록구조,,23.0,23.0,33.0
448,부산광역시 해운대구 반송동 40-242,윗반송로51번길 165-17,단독주택,1982,시멘트블럭조,,0.0,44.84,33.0
449,부산광역시 해운대구 반송동 59-50,반송로948번길 39,단독주택,1980,블록구조,,31.14,52.54,36.0
450,부산광역시 해운대구 반송동 40-211,윗반송로51번길 169-15,단독주택,1978,블록구조,,26.7,26.7,34.0
451,부산광역시 해운대구 반송동 7-215,윗반송로51번길 177,단독주택,1991,벽돌구조,,96.6,434.7,110.0
452,부산광역시 해운대구 반송동 59-24,윗반송로51번길 194-28,다세대,1998,철근콘크리트구조,40.03,54.61,198.32,58.13
453,부산광역시 해운대구 반송동 757-102,윗반송로51번길 188-15,단독주택,1970,블록구조,,31.74,31.74,37.0
454,부산광역시 해운대구 반송동 40-145,반송로948번길 25,단독주택,1979,블록구조,,57.85,103.6,76.0
455,부산광역시 해운대구 반송동 7-193,윗반송로51번길 187-10,다세대,1995,기타조적구조,41.88,93.84,375.36,111.0
456,부산광역시 해운대구 반송동 40-137,반송로948번길 15-1,단독주택,1976,블록구조,,24.13,24.13,36.0
457,부산광역시 해운대구 반송동 7-149,윗반송로51번길 200-13,단독주택,1977,시멘트블럭조,,0.0,48.5,72.0
458,부산광역시 해운대구 반송동 7-150,윗반송로51번길 200-9,단독주택,1987,블록구조,,21.82,21.82,40.0
459,부산광역시 해운대구 반송동 54-59,윗반송로51번길 218-34,단독주택,1985,블록구조,,24.85,24.85,53.0
460,부산광역시 해운대구 반송동 54-57,윗반송로51번길 218-30,다세대,1997,철근콘크리트구조,52.64,62.3,249.2,74.0
461,부산광역시 해운대구 반송동 40-76,윗반송로51번길 193-24,단독주택,1976,블록구조,,23.47,23.47,36.0
462,부산광역시 해운대구 반송동 54-44,윗반송로51번길 218-25,단독주택,1976,블록구조,,35.7,57.12,37.0
463,부산광역시 해운대구 반송동 7-106,윗반송로51번길 212-9,단독주택,1977,블록구조,,23.2,39.06,36.0
464,부산광역시 해운대구 반송동 40-48,윗반송로51번길 199-22,단독주택,1980,시멘트블럭조,,0.0,20.94,36.0
465,부산광역시 해운대구 반송동 7-79,윗반송로51번길 218-11,단독주택,1976,블록구조,,22.6,22.6,40.0
466,부산광역시 해운대구 반송동 7-76,윗반송로51번길 224-14,단독주택,1978,시멘트블럭조,,0.0,26.4,37.0
467,부산광역시 해운대구 반송동 7-85,윗반송로51번길 217-6,단독주택,1977,시멘트블럭조,,0.0,56.1,36.0
468,부산광역시 해운대구 반송동 7-57,윗반송로51번길 224-9,단독주택,1978,블록구조,,24.76,24.76,40.0
469,부산광역시 해운대구 반송동 40-13,윗반송로51번길 217-13,단독주택,1980,시멘트블럭조,,0.0,48.4,31.0
470,부산광역시 해운대구 반송동 7-59,윗반송로51번길 226,다가구주택,1977,블록구조,,68.6,126.13,69.0
471,부산광역시 해운대구 반송동 40-5,윗반송로51번길 217-16,단독주택,1977,블록구조,,29.48,29.48,38.0
472,부산광역시 해운대구 반송동 54-6,윗반송로51번길 236-16,단독주택,1977,블록구조,,33.0,57.99,48.0
473,부산광역시 해운대구 반송동 40-9,윗반송로51번길 217-18,단독주택,1980,블록구조,,24.76,48.54,36.0
474,부산광역시 해운대구 반송동 6-155,윗반송로51번길 223-19,다가구주택,1994,기타조적구조,,31.02,93.06,40.0
475,부산광역시 해운대구 반송동 6-141,윗반송로51번길 223-18,단독주택,1980,블록구조,,24.86,49.72,37.0
476,부산광역시 해운대구 반송동 6-146,윗반송로51번길 223-28,단독주택,1978,블록구조,,21.0,21.0,37.0
477,부산광역시 해운대구 반송동 7-7,윗반송로51번길 248-6,단독주택,1971,블록구조,,33.77,33.77,29.0
478,부산광역시 해운대구 반송동 566,운봉길186번길 28-4,단독주택,1941,일반목구조,,39.67,39.67,215.0
479,부산광역시 해운대구 반송동 549-1,운봉길186번길 56,단독주택,1981,기타조적구조,,179.42,179.42,976.0
